-- phpMyAdmin SQL Dump
-- version 2.11.9.2
-- http://www.phpmyadmin.net
--
-- 主机: 127.0.0.1:3306
-- 生成日期: 2014 年 11 月 23 日 11:24
-- 服务器版本: 5.1.28
-- PHP 版本: 5.2.6

SET SQL_MODE="NO_AUTO_VALUE_ON_ZERO";


/*!40101 SET @OLD_CHARACTER_SET_CLIENT=@@CHARACTER_SET_CLIENT */;
/*!40101 SET @OLD_CHARACTER_SET_RESULTS=@@CHARACTER_SET_RESULTS */;
/*!40101 SET @OLD_COLLATION_CONNECTION=@@COLLATION_CONNECTION */;
/*!40101 SET NAMES utf8 */;

--
-- 数据库: `sshyhn`
--

-- --------------------------------------------------------

--
-- 表的结构 `ssyhn_access`
--

DROP TABLE IF EXISTS `ssyhn_access`;
CREATE TABLE IF NOT EXISTS `ssyhn_access` (
  `role_id` smallint(6) unsigned NOT NULL DEFAULT '0',
  `node_id` smallint(6) unsigned NOT NULL DEFAULT '0',
  `level` tinyint(1) unsigned NOT NULL DEFAULT '0',
  `pid` smallint(6) unsigned NOT NULL DEFAULT '0',
  `model` varchar(50) NOT NULL DEFAULT '',
  KEY `groupId` (`role_id`),
  KEY `nodeId` (`node_id`)
) ENGINE=MyISAM DEFAULT CHARSET=utf8;

--
-- 导出表中的数据 `ssyhn_access`
--

INSERT INTO `ssyhn_access` (`role_id`, `node_id`, `level`, `pid`, `model`) VALUES
(2, 1, 1, 0, ''),
(2, 2, 2, 1, ''),
(2, 3, 2, 1, ''),
(2, 4, 3, 3, ''),
(2, 5, 3, 3, ''),
(2, 6, 3, 3, ''),
(2, 7, 3, 3, ''),
(2, 11, 3, 2, ''),
(2, 12, 2, 1, ''),
(2, 13, 3, 12, ''),
(2, 14, 3, 12, ''),
(2, 15, 3, 12, ''),
(2, 16, 3, 12, ''),
(2, 17, 3, 3, ''),
(2, 18, 3, 3, ''),
(2, 21, 3, 12, ''),
(2, 22, 3, 12, ''),
(2, 23, 3, 12, ''),
(2, 24, 3, 12, ''),
(2, 25, 3, 12, ''),
(2, 26, 3, 2, ''),
(2, 27, 3, 2, ''),
(2, 28, 3, 2, ''),
(2, 30, 3, 2, ''),
(2, 81, 2, 1, ''),
(2, 107, 2, 1, ''),
(2, 110, 2, 1, ''),
(2, 111, 2, 1, ''),
(2, 114, 2, 1, ''),
(2, 115, 2, 1, ''),
(2, 116, 2, 1, ''),
(2, 117, 2, 1, ''),
(2, 129, 2, 1, ''),
(2, 139, 3, 12, ''),
(2, 145, 3, 129, ''),
(2, 146, 3, 129, ''),
(2, 147, 3, 129, ''),
(2, 148, 3, 129, ''),
(2, 149, 3, 129, ''),
(2, 150, 3, 129, ''),
(2, 151, 2, 1, ''),
(2, 152, 3, 151, ''),
(2, 153, 3, 151, ''),
(2, 154, 3, 151, ''),
(2, 155, 3, 151, ''),
(2, 156, 3, 151, ''),
(2, 158, 3, 3, ''),
(2, 157, 3, 3, '');

-- --------------------------------------------------------

--
-- 表的结构 `ssyhn_area`
--

DROP TABLE IF EXISTS `ssyhn_area`;
CREATE TABLE IF NOT EXISTS `ssyhn_area` (
  `id` int(10) unsigned NOT NULL AUTO_INCREMENT,
  `parentid` int(10) unsigned NOT NULL DEFAULT '0',
  `name` varchar(50) NOT NULL DEFAULT '',
  `listorder` mediumint(8) unsigned NOT NULL DEFAULT '0',
  PRIMARY KEY (`id`)
) ENGINE=MyISAM  DEFAULT CHARSET=utf8 AUTO_INCREMENT=3267 ;

--
-- 导出表中的数据 `ssyhn_area`
--

INSERT INTO `ssyhn_area` (`id`, `parentid`, `name`, `listorder`) VALUES
(1, 0, '﻿北京', 0),
(2, 1, '北京市', 0),
(3, 2, '东城区', 0),
(4, 2, '西城区', 0),
(5, 2, '崇文区', 0),
(6, 2, '宣武区', 0),
(7, 2, '朝阳区', 0),
(8, 2, '丰台区', 0),
(9, 2, '石景山区', 0),
(10, 2, '海淀区', 0),
(11, 2, '门头沟区', 0),
(12, 2, '房山区', 0),
(13, 2, '通州区', 0),
(14, 2, '顺义区', 0),
(15, 2, '昌平区', 0),
(16, 2, '大兴区', 0),
(17, 2, '怀柔区', 0),
(18, 2, '平谷区', 0),
(19, 2, '密云县', 0),
(20, 2, '延庆县', 0),
(21, 0, '上海', 0),
(22, 21, '上海市', 0),
(23, 22, '黄浦区', 0),
(24, 22, '卢湾区', 0),
(25, 22, '徐汇区', 0),
(26, 22, '长宁区', 0),
(27, 22, '静安区', 0),
(28, 22, '普陀区', 0),
(29, 22, '闸北区', 0),
(30, 22, '虹口区', 0),
(31, 22, '杨浦区', 0),
(32, 22, '闵行区', 0),
(33, 22, '宝山区', 0),
(34, 22, '嘉定区', 0),
(35, 22, '浦东新区', 0),
(36, 22, '金山区', 0),
(37, 22, '松江区', 0),
(38, 22, '青浦区', 0),
(39, 22, '南汇区', 0),
(40, 22, '奉贤区', 0),
(41, 22, '崇明县', 0),
(42, 0, '天津', 0),
(43, 42, '天津市', 0),
(44, 43, '和平区', 0),
(45, 43, '河东区', 0),
(46, 43, '河西区', 0),
(47, 43, '南开区', 0),
(48, 43, '河北区', 0),
(49, 43, '红桥区', 0),
(50, 43, '塘沽区', 0),
(51, 43, '汉沽区', 0),
(52, 43, '大港区', 0),
(53, 43, '东丽区', 0),
(54, 43, '西青区', 0),
(55, 43, '津南区', 0),
(56, 43, '北辰区', 0),
(57, 43, '武清区', 0),
(58, 43, '宝坻区', 0),
(59, 43, '宁河县', 0),
(60, 43, '静海县', 0),
(61, 43, '蓟县', 0),
(62, 0, '重庆', 0),
(63, 62, '重庆市', 0),
(64, 63, '万州区', 0),
(65, 63, '涪陵区', 0),
(66, 63, '渝中区', 0),
(67, 63, '大渡口区', 0),
(68, 63, '江北区', 0),
(69, 63, '沙坪坝区', 0),
(70, 63, '九龙坡区', 0),
(71, 63, '南岸区', 0),
(72, 63, '北碚区', 0),
(73, 63, '万盛区', 0),
(74, 63, '双桥区', 0),
(75, 63, '渝北区', 0),
(76, 63, '巴南区', 0),
(77, 63, '黔江区', 0),
(78, 63, '长寿区', 0),
(79, 63, '綦江县', 0),
(80, 63, '潼南县', 0),
(81, 63, '铜梁县', 0),
(82, 63, '大足县', 0),
(83, 63, '荣昌县', 0),
(84, 63, '璧山县', 0),
(85, 63, '梁平县', 0),
(86, 63, '城口县', 0),
(87, 63, '丰都县', 0),
(88, 63, '垫江县', 0),
(89, 63, '武隆县', 0),
(90, 63, '忠县', 0),
(91, 63, '开县', 0),
(92, 63, '云阳县', 0),
(93, 63, '奉节县', 0),
(94, 63, '巫山县', 0),
(95, 63, '巫溪县', 0),
(96, 63, '石柱土家族自治县', 0),
(97, 63, '秀山土家族苗族自治县', 0),
(98, 63, '酉阳土家族苗族自治县', 0),
(99, 63, '彭水苗族土家族自治县', 0),
(100, 63, '江津市', 0),
(101, 63, '合川市', 0),
(102, 63, '永川市', 0),
(103, 63, '南川市', 0),
(104, 0, '安徽', 0),
(105, 104, '合肥市', 0),
(106, 105, '瑶海区', 0),
(107, 105, '庐阳区', 0),
(108, 105, '蜀山区', 0),
(109, 105, '包河区', 0),
(110, 105, '长丰县', 0),
(111, 105, '肥东县', 0),
(112, 105, '肥西县', 0),
(113, 104, '安庆市', 0),
(114, 113, '迎江区', 0),
(115, 113, '大观区', 0),
(116, 113, '郊区', 0),
(117, 113, '怀宁县', 0),
(118, 113, '枞阳县', 0),
(119, 113, '潜山县', 0),
(120, 113, '太湖县', 0),
(121, 113, '宿松县', 0),
(122, 113, '望江县', 0),
(123, 113, '岳西县', 0),
(124, 113, '桐城市', 0),
(125, 104, '蚌埠市', 0),
(126, 125, '龙子湖区', 0),
(127, 125, '蚌山区', 0),
(128, 125, '禹会区', 0),
(129, 125, '淮上区', 0),
(130, 125, '怀远县', 0),
(131, 125, '五河县', 0),
(132, 125, '固镇县', 0),
(133, 104, '亳州市', 0),
(134, 133, '谯城区', 0),
(135, 133, '涡阳县', 0),
(136, 133, '蒙城县', 0),
(137, 133, '利辛县', 0),
(138, 104, '巢湖市', 0),
(139, 138, '居巢区', 0),
(140, 138, '庐江县', 0),
(141, 138, '无为县', 0),
(142, 138, '含山县', 0),
(143, 138, '和县', 0),
(144, 104, '池州市', 0),
(145, 144, '贵池区', 0),
(146, 144, '东至县', 0),
(147, 144, '石台县', 0),
(148, 144, '青阳县', 0),
(149, 104, '滁州市', 0),
(150, 149, '琅琊区', 0),
(151, 149, '南谯区', 0),
(152, 149, '来安县', 0),
(153, 149, '全椒县', 0),
(154, 149, '定远县', 0),
(155, 149, '凤阳县', 0),
(156, 149, '天长市', 0),
(157, 149, '明光市', 0),
(158, 104, '阜阳市', 0),
(159, 158, '颍州区', 0),
(160, 158, '颍东区', 0),
(161, 158, '颍泉区', 0),
(162, 158, '临泉县', 0),
(163, 158, '太和县', 0),
(164, 158, '阜南县', 0),
(165, 158, '颍上县', 0),
(166, 158, '界首市', 0),
(167, 104, '淮北市', 0),
(168, 167, '杜集区', 0),
(169, 167, '相山区', 0),
(170, 167, '烈山区', 0),
(171, 167, '濉溪县', 0),
(172, 104, '淮南市', 0),
(173, 172, '大通区', 0),
(174, 172, '田家庵区', 0),
(175, 172, '谢家集区', 0),
(176, 172, '八公山区', 0),
(177, 172, '潘集区', 0),
(178, 172, '凤台县', 0),
(179, 104, '黄山市', 0),
(180, 179, '屯溪区', 0),
(181, 179, '黄山区', 0),
(182, 179, '徽州区', 0),
(183, 179, '歙县', 0),
(184, 179, '休宁县', 0),
(185, 179, '黟县', 0),
(186, 179, '祁门县', 0),
(187, 104, '六安市', 0),
(188, 187, '金安区', 0),
(189, 187, '裕安区', 0),
(190, 187, '寿县', 0),
(191, 187, '霍邱县', 0),
(192, 187, '舒城县', 0),
(193, 187, '金寨县', 0),
(194, 187, '霍山县', 0),
(195, 104, '马鞍山市', 0),
(196, 195, '金家庄区', 0),
(197, 195, '花山区', 0),
(198, 195, '雨山区', 0),
(199, 195, '当涂县', 0),
(200, 104, '宿州市', 0),
(201, 200, '墉桥区', 0),
(202, 200, '砀山县', 0),
(203, 200, '萧县', 0),
(204, 200, '灵璧县', 0),
(205, 200, '泗县', 0),
(206, 104, '铜陵市', 0),
(207, 206, '铜官山区', 0),
(208, 206, '狮子山区', 0),
(209, 206, '郊区', 0),
(210, 206, '铜陵县', 0),
(211, 104, '芜湖市', 0),
(212, 211, '镜湖区', 0),
(213, 211, '马塘区', 0),
(214, 211, '新芜区', 0),
(215, 211, '鸠江区', 0),
(216, 211, '芜湖县', 0),
(217, 211, '繁昌县', 0),
(218, 211, '南陵县', 0),
(219, 104, '宣城市', 0),
(220, 219, '宣州区', 0),
(221, 219, '郎溪县', 0),
(222, 219, '广德县', 0),
(223, 219, '泾县', 0),
(224, 219, '绩溪县', 0),
(225, 219, '旌德县', 0),
(226, 219, '宁国市', 0),
(227, 0, '福建', 0),
(228, 227, '福州市', 0),
(229, 228, '鼓楼区', 0),
(230, 228, '台江区', 0),
(231, 228, '仓山区', 0),
(232, 228, '马尾区', 0),
(233, 228, '晋安区', 0),
(234, 228, '闽侯县', 0),
(235, 228, '连江县', 0),
(236, 228, '罗源县', 0),
(237, 228, '闽清县', 0),
(238, 228, '永泰县', 0),
(239, 228, '平潭县', 0),
(240, 228, '福清市', 0),
(241, 228, '长乐市', 0),
(242, 227, '龙岩市', 0),
(243, 242, '新罗区', 0),
(244, 242, '长汀县', 0),
(245, 242, '永定县', 0),
(246, 242, '上杭县', 0),
(247, 242, '武平县', 0),
(248, 242, '连城县', 0),
(249, 242, '漳平市', 0),
(250, 227, '南平市', 0),
(251, 250, '延平区', 0),
(252, 250, '顺昌县', 0),
(253, 250, '浦城县', 0),
(254, 250, '光泽县', 0),
(255, 250, '松溪县', 0),
(256, 250, '政和县', 0),
(257, 250, '邵武市', 0),
(258, 250, '武夷山市', 0),
(259, 250, '建瓯市', 0),
(260, 250, '建阳市', 0),
(261, 227, '宁德市', 0),
(262, 261, '蕉城区', 0),
(263, 261, '霞浦县', 0),
(264, 261, '古田县', 0),
(265, 261, '屏南县', 0),
(266, 261, '寿宁县', 0),
(267, 261, '周宁县', 0),
(268, 261, '柘荣县', 0),
(269, 261, '福安市', 0),
(270, 261, '福鼎市', 0),
(271, 227, '莆田市', 0),
(272, 271, '城厢区', 0),
(273, 271, '涵江区', 0),
(274, 271, '荔城区', 0),
(275, 271, '秀屿区', 0),
(276, 271, '仙游县', 0),
(277, 227, '泉州市', 0),
(278, 277, '鲤城区', 0),
(279, 277, '丰泽区', 0),
(280, 277, '洛江区', 0),
(281, 277, '泉港区', 0),
(282, 277, '惠安县', 0),
(283, 277, '安溪县', 0),
(284, 277, '永春县', 0),
(285, 277, '德化县', 0),
(286, 277, '金门县', 0),
(287, 277, '石狮市', 0),
(288, 277, '晋江市', 0),
(289, 277, '南安市', 0),
(290, 227, '三明市', 0),
(291, 290, '梅列区', 0),
(292, 290, '三元区', 0),
(293, 290, '明溪县', 0),
(294, 290, '清流县', 0),
(295, 290, '宁化县', 0),
(296, 290, '大田县', 0),
(297, 290, '尤溪县', 0),
(298, 290, '沙县', 0),
(299, 290, '将乐县', 0),
(300, 290, '泰宁县', 0),
(301, 290, '建宁县', 0),
(302, 290, '永安市', 0),
(303, 227, '厦门市', 0),
(304, 303, '思明区', 0),
(305, 303, '海沧区', 0),
(306, 303, '湖里区', 0),
(307, 303, '集美区', 0),
(308, 303, '同安区', 0),
(309, 303, '翔安区', 0),
(310, 227, '漳州市', 0),
(311, 310, '芗城区', 0),
(312, 310, '龙文区', 0),
(313, 310, '云霄县', 0),
(314, 310, '漳浦县', 0),
(315, 310, '诏安县', 0),
(316, 310, '长泰县', 0),
(317, 310, '东山县', 0),
(318, 310, '南靖县', 0),
(319, 310, '平和县', 0),
(320, 310, '华安县', 0),
(321, 310, '龙海市', 0),
(322, 0, '甘肃', 0),
(323, 322, '兰州市', 0),
(324, 323, '城关区', 0),
(325, 323, '七里河区', 0),
(326, 323, '西固区', 0),
(327, 323, '安宁区', 0),
(328, 323, '红古区', 0),
(329, 323, '永登县', 0),
(330, 323, '皋兰县', 0),
(331, 323, '榆中县', 0),
(332, 322, '白银市', 0),
(333, 332, '白银区', 0),
(334, 332, '平川区', 0),
(335, 332, '靖远县', 0),
(336, 332, '会宁县', 0),
(337, 332, '景泰县', 0),
(338, 322, '定西市', 0),
(339, 338, '安定区', 0),
(340, 338, '通渭县', 0),
(341, 338, '陇西县', 0),
(342, 338, '渭源县', 0),
(343, 338, '临洮县', 0),
(344, 338, '漳县', 0),
(345, 338, '岷县', 0),
(346, 322, '甘南藏族自治州', 0),
(347, 346, '合作市', 0),
(348, 346, '临潭县', 0),
(349, 346, '卓尼县', 0),
(350, 346, '舟曲县', 0),
(351, 346, '迭部县', 0),
(352, 346, '玛曲县', 0),
(353, 346, '碌曲县', 0),
(354, 346, '夏河县', 0),
(355, 322, '嘉峪关市', 0),
(356, 322, '金昌市', 0),
(357, 356, '金川区', 0),
(358, 356, '永昌县', 0),
(359, 322, '酒泉市', 0),
(360, 359, '肃州区', 0),
(361, 359, '金塔县', 0),
(362, 359, '安西县', 0),
(363, 359, '肃北蒙古族自治县', 0),
(364, 359, '阿克塞哈萨克族自治县', 0),
(365, 359, '玉门市', 0),
(366, 359, '敦煌市', 0),
(367, 322, '临夏回族自治州', 0),
(368, 367, '临夏市', 0),
(369, 367, '临夏县', 0),
(370, 367, '康乐县', 0),
(371, 367, '永靖县', 0),
(372, 367, '广河县', 0),
(373, 367, '和政县', 0),
(374, 367, '东乡族自治县', 0),
(375, 367, '积石山保安族东乡族撒拉族自治县', 0),
(376, 322, '陇南市', 0),
(377, 376, '武都区', 0),
(378, 376, '成县', 0),
(379, 376, '文县', 0),
(380, 376, '宕昌县', 0),
(381, 376, '康县', 0),
(382, 376, '西和县', 0),
(383, 376, '礼县', 0),
(384, 376, '徽县', 0),
(385, 376, '两当县', 0),
(386, 322, '平凉市', 0),
(387, 386, '崆峒区', 0),
(388, 386, '泾川县', 0),
(389, 386, '灵台县', 0),
(390, 386, '崇信县', 0),
(391, 386, '华亭县', 0),
(392, 386, '庄浪县', 0),
(393, 386, '静宁县', 0),
(394, 322, '庆阳市', 0),
(395, 394, '西峰区', 0),
(396, 394, '庆城县', 0),
(397, 394, '环县', 0),
(398, 394, '华池县', 0),
(399, 394, '合水县', 0),
(400, 394, '正宁县', 0),
(401, 394, '宁县', 0),
(402, 394, '镇原县', 0),
(403, 322, '天水市', 0),
(404, 403, '秦城区', 0),
(405, 403, '北道区', 0),
(406, 403, '清水县', 0),
(407, 403, '秦安县', 0),
(408, 403, '甘谷县', 0),
(409, 403, '武山县', 0),
(410, 403, '张家川回族自治县', 0),
(411, 322, '武威市', 0),
(412, 411, '凉州区', 0),
(413, 411, '民勤县', 0),
(414, 411, '古浪县', 0),
(415, 411, '天祝藏族自治县', 0),
(416, 322, '张掖市', 0),
(417, 416, '甘州区', 0),
(418, 416, '肃南裕固族自治县', 0),
(419, 416, '民乐县', 0),
(420, 416, '临泽县', 0),
(421, 416, '高台县', 0),
(422, 416, '山丹县', 0),
(423, 0, '广东', 0),
(424, 423, '广州市', 0),
(425, 424, '东山区', 0),
(426, 424, '荔湾区', 0),
(427, 424, '越秀区', 0),
(428, 424, '海珠区', 0),
(429, 424, '天河区', 0),
(430, 424, '芳村区', 0),
(431, 424, '白云区', 0),
(432, 424, '黄埔区', 0),
(433, 424, '番禺区', 0),
(434, 424, '花都区', 0),
(435, 424, '增城市', 0),
(436, 424, '从化市', 0),
(437, 423, '潮州市', 0),
(438, 437, '湘桥区', 0),
(439, 437, '潮安县', 0),
(440, 437, '饶平县', 0),
(441, 423, '东莞市', 0),
(442, 423, '佛山市', 0),
(443, 442, '禅城区', 0),
(444, 442, '南海区', 0),
(445, 442, '顺德区', 0),
(446, 442, '三水区', 0),
(447, 442, '高明区', 0),
(448, 423, '河源市', 0),
(449, 448, '源城区', 0),
(450, 448, '紫金县', 0),
(451, 448, '龙川县', 0),
(452, 448, '连平县', 0),
(453, 448, '和平县', 0),
(454, 448, '东源县', 0),
(455, 423, '惠州市', 0),
(456, 455, '惠城区', 0),
(457, 455, '惠阳区', 0),
(458, 455, '博罗县', 0),
(459, 455, '惠东县', 0),
(460, 455, '龙门县', 0),
(461, 423, '江门市', 0),
(462, 461, '蓬江区', 0),
(463, 461, '江海区', 0),
(464, 461, '新会区', 0),
(465, 461, '台山市', 0),
(466, 461, '开平市', 0),
(467, 461, '鹤山市', 0),
(468, 461, '恩平市', 0),
(469, 423, '揭阳市', 0),
(470, 469, '榕城区', 0),
(471, 469, '揭东县', 0),
(472, 469, '揭西县', 0),
(473, 469, '惠来县', 0),
(474, 469, '普宁市', 0),
(475, 423, '茂名市', 0),
(476, 475, '茂南区', 0),
(477, 475, '茂港区', 0),
(478, 475, '电白县', 0),
(479, 475, '高州市', 0),
(480, 475, '化州市', 0),
(481, 475, '信宜市', 0),
(482, 423, '梅江区', 0),
(483, 423, '梅州市', 0),
(484, 483, '梅县', 0),
(485, 483, '大埔县', 0),
(486, 483, '丰顺县', 0),
(487, 483, '五华县', 0),
(488, 483, '平远县', 0),
(489, 483, '蕉岭县', 0),
(490, 483, '兴宁市', 0),
(491, 423, '清远市', 0),
(492, 491, '清城区', 0),
(493, 491, '佛冈县', 0),
(494, 491, '阳山县', 0),
(495, 491, '连山壮族瑶族自治县', 0),
(496, 491, '连南瑶族自治县', 0),
(497, 491, '清新县', 0),
(498, 491, '英德市', 0),
(499, 491, '连州市', 0),
(500, 423, '汕头市', 0),
(501, 500, '龙湖区', 0),
(502, 500, '金平区', 0),
(503, 500, '濠江区', 0),
(504, 500, '潮阳区', 0),
(505, 500, '潮南区', 0),
(506, 500, '澄海区', 0),
(507, 500, '南澳县', 0),
(508, 423, '汕尾市', 0),
(509, 508, '城区', 0),
(510, 508, '海丰县', 0),
(511, 508, '陆河县', 0),
(512, 508, '陆丰市', 0),
(513, 423, '韶关市', 0),
(514, 513, '武江区', 0),
(515, 513, '浈江区', 0),
(516, 513, '曲江区', 0),
(517, 513, '始兴县', 0),
(518, 513, '仁化县', 0),
(519, 513, '翁源县', 0),
(520, 513, '乳源瑶族自治县', 0),
(521, 513, '新丰县', 0),
(522, 513, '乐昌市', 0),
(523, 513, '南雄市', 0),
(524, 423, '深圳市', 0),
(525, 524, '罗湖区', 0),
(526, 524, '福田区', 0),
(527, 524, '南山区', 0),
(528, 524, '宝安区', 0),
(529, 524, '龙岗区', 0),
(530, 524, '盐田区', 0),
(531, 423, '阳江市', 0),
(532, 531, '江城区', 0),
(533, 531, '阳西县', 0),
(534, 531, '阳东县', 0),
(535, 531, '阳春市', 0),
(536, 423, '云浮市', 0),
(537, 536, '云城区', 0),
(538, 536, '新兴县', 0),
(539, 536, '郁南县', 0),
(540, 536, '云安县', 0),
(541, 536, '罗定市', 0),
(542, 423, '湛江市', 0),
(543, 542, '赤坎区', 0),
(544, 542, '霞山区', 0),
(545, 542, '坡头区', 0),
(546, 542, '麻章区', 0),
(547, 542, '遂溪县', 0),
(548, 542, '徐闻县', 0),
(549, 542, '廉江市', 0),
(550, 542, '雷州市', 0),
(551, 542, '吴川市', 0),
(552, 423, '肇庆市', 0),
(553, 552, '端州区', 0),
(554, 552, '鼎湖区', 0),
(555, 552, '广宁县', 0),
(556, 552, '怀集县', 0),
(557, 552, '封开县', 0),
(558, 552, '德庆县', 0),
(559, 552, '高要市', 0),
(560, 552, '四会市', 0),
(561, 423, '中山市', 0),
(562, 423, '珠海市', 0),
(563, 562, '香洲区', 0),
(564, 562, '斗门区', 0),
(565, 562, '金湾区', 0),
(566, 0, '广西', 0),
(567, 566, '南宁市', 0),
(568, 567, '兴宁区', 0),
(569, 567, '青秀区', 0),
(570, 567, '江南区', 0),
(571, 567, '西乡塘区', 0),
(572, 567, '良庆区', 0),
(573, 567, '邕宁区', 0),
(574, 567, '武鸣县', 0),
(575, 567, '隆安县', 0),
(576, 567, '马山县', 0),
(577, 567, '上林县', 0),
(578, 567, '宾阳县', 0),
(579, 567, '横县', 0),
(580, 566, '百色市', 0),
(581, 580, '右江区', 0),
(582, 580, '田阳县', 0),
(583, 580, '田东县', 0),
(584, 580, '平果县', 0),
(585, 580, '德保县', 0),
(586, 580, '靖西县', 0),
(587, 580, '那坡县', 0),
(588, 580, '凌云县', 0),
(589, 580, '乐业县', 0),
(590, 580, '田林县', 0),
(591, 580, '西林县', 0),
(592, 580, '隆林各族自治县', 0),
(593, 566, '北海市', 0),
(594, 593, '海城区', 0),
(595, 593, '银海区', 0),
(596, 593, '铁山港区', 0),
(597, 593, '合浦县', 0),
(598, 566, '崇左市', 0),
(599, 598, '江洲区', 0),
(600, 598, '扶绥县', 0),
(601, 598, '宁明县', 0),
(602, 598, '龙州县', 0),
(603, 598, '大新县', 0),
(604, 598, '天等县', 0),
(605, 598, '凭祥市', 0),
(606, 566, '防城港市', 0),
(607, 606, '港口区', 0),
(608, 606, '防城区', 0),
(609, 606, '上思县', 0),
(610, 606, '东兴市', 0),
(611, 566, '贵港市', 0),
(612, 611, '港北区', 0),
(613, 611, '港南区', 0),
(614, 611, '覃塘区', 0),
(615, 611, '平南县', 0),
(616, 611, '桂平市', 0),
(617, 566, '桂林市', 0),
(618, 617, '秀峰区', 0),
(619, 617, '叠彩区', 0),
(620, 617, '象山区', 0),
(621, 617, '七星区', 0),
(622, 617, '雁山区', 0),
(623, 617, '阳朔县', 0),
(624, 617, '临桂县', 0),
(625, 617, '灵川县', 0),
(626, 617, '全州县', 0),
(627, 617, '兴安县', 0),
(628, 617, '永福县', 0),
(629, 617, '灌阳县', 0),
(630, 617, '龙胜各族自治县', 0),
(631, 617, '资源县', 0),
(632, 617, '平乐县', 0),
(633, 617, '荔蒲县', 0),
(634, 617, '恭城瑶族自治县', 0),
(635, 566, '河池市', 0),
(636, 635, '金城江区', 0),
(637, 635, '南丹县', 0),
(638, 635, '天峨县', 0),
(639, 635, '凤山县', 0),
(640, 635, '东兰县', 0),
(641, 635, '罗城仫佬族自治县', 0),
(642, 635, '环江毛南族自治县', 0),
(643, 635, '巴马瑶族自治县', 0),
(644, 635, '都安瑶族自治县', 0),
(645, 635, '大化瑶族自治县', 0),
(646, 635, '宜州市', 0),
(647, 566, '贺州市', 0),
(648, 647, '八步区', 0),
(649, 647, '昭平县', 0),
(650, 647, '钟山县', 0),
(651, 647, '富川瑶族自治县', 0),
(652, 566, '来宾市', 0),
(653, 652, '兴宾区', 0),
(654, 652, '忻城县', 0),
(655, 652, '象州县', 0),
(656, 652, '武宣县', 0),
(657, 652, '金秀瑶族自治县', 0),
(658, 652, '合山市', 0),
(659, 566, '柳州市', 0),
(660, 659, '城中区', 0),
(661, 659, '鱼峰区', 0),
(662, 659, '柳南区', 0),
(663, 659, '柳北区', 0),
(664, 659, '柳江县', 0),
(665, 659, '柳城县', 0),
(666, 659, '鹿寨县', 0),
(667, 659, '融安县', 0),
(668, 659, '融水苗族自治县', 0),
(669, 659, '三江侗族自治县', 0),
(670, 566, '钦州市', 0),
(671, 670, '钦南区', 0),
(672, 670, '钦北区', 0),
(673, 670, '灵山县', 0),
(674, 670, '浦北县', 0),
(675, 566, '梧州市', 0),
(676, 675, '万秀区', 0),
(677, 675, '蝶山区', 0),
(678, 675, '长洲区', 0),
(679, 675, '苍梧县', 0),
(680, 675, '藤县', 0),
(681, 675, '蒙山县', 0),
(682, 675, '岑溪市', 0),
(683, 566, '玉林市', 0),
(684, 683, '玉州区', 0),
(685, 683, '容县', 0),
(686, 683, '陆川县', 0),
(687, 683, '博白县', 0),
(688, 683, '兴业县', 0),
(689, 683, '北流市', 0),
(690, 0, '贵州', 0),
(691, 690, '贵阳市', 0),
(692, 691, '南明区', 0),
(693, 691, '云岩区', 0),
(694, 691, '花溪区', 0),
(695, 691, '乌当区', 0),
(696, 691, '白云区', 0),
(697, 691, '小河区', 0),
(698, 691, '开阳县', 0),
(699, 691, '息烽县', 0),
(700, 691, '修文县', 0),
(701, 691, '清镇市', 0),
(702, 690, '安顺市', 0),
(703, 702, '西秀区', 0),
(704, 702, '平坝县', 0),
(705, 702, '普定县', 0),
(706, 702, '镇宁布依族苗族自治县', 0),
(707, 702, '关岭布依族苗族自治县', 0),
(708, 702, '紫云苗族布依族自治县', 0),
(709, 690, '毕节地区', 0),
(710, 709, '毕节市', 0),
(711, 709, '大方县', 0),
(712, 709, '黔西县', 0),
(713, 709, '金沙县', 0),
(714, 709, '织金县', 0),
(715, 709, '纳雍县', 0),
(716, 709, '威宁彝族回族苗族自治县', 0),
(717, 709, '赫章县', 0),
(718, 690, '六盘水市', 0),
(719, 718, '钟山区', 0),
(720, 718, '六枝特区', 0),
(721, 718, '水城县', 0),
(722, 718, '盘县', 0),
(723, 690, '黔东南苗族侗族自治州', 0),
(724, 723, '凯里市', 0),
(725, 723, '黄平县', 0),
(726, 723, '施秉县', 0),
(727, 723, '三穗县', 0),
(728, 723, '镇远县', 0),
(729, 723, '岑巩县', 0),
(730, 723, '天柱县', 0),
(731, 723, '锦屏县', 0),
(732, 723, '剑河县', 0),
(733, 723, '台江县', 0),
(734, 723, '黎平县', 0),
(735, 723, '榕江县', 0),
(736, 723, '从江县', 0),
(737, 723, '雷山县', 0),
(738, 723, '麻江县', 0),
(739, 723, '丹寨县', 0),
(740, 690, '黔南布依族苗族自治州', 0),
(741, 740, '都匀市', 0),
(742, 740, '福泉市', 0),
(743, 740, '荔波县', 0),
(744, 740, '贵定县', 0),
(745, 740, '瓮安县', 0),
(746, 740, '独山县', 0),
(747, 740, '平塘县', 0),
(748, 740, '罗甸县', 0),
(749, 740, '长顺县', 0),
(750, 740, '龙里县', 0),
(751, 740, '惠水县', 0),
(752, 740, '三都水族自治县', 0),
(753, 690, '黔西南布依族苗族自治州', 0),
(754, 753, '兴义市', 0),
(755, 753, '兴仁县', 0),
(756, 753, '普安县', 0),
(757, 753, '晴隆县', 0),
(758, 753, '贞丰县', 0),
(759, 753, '望谟县', 0),
(760, 753, '册亨县', 0),
(761, 753, '安龙县', 0),
(762, 690, '铜仁地区', 0),
(763, 762, '铜仁市', 0),
(764, 762, '江口县', 0),
(765, 762, '玉屏侗族自治县', 0),
(766, 762, '石阡县', 0),
(767, 762, '思南县', 0),
(768, 762, '印江土家族苗族自治县', 0),
(769, 762, '德江县', 0),
(770, 762, '沿河土家族自治县', 0),
(771, 762, '松桃苗族自治县', 0),
(772, 762, '万山特区', 0),
(773, 690, '遵义市', 0),
(774, 773, '红花岗区', 0),
(775, 773, '汇川区', 0),
(776, 773, '遵义县', 0),
(777, 773, '桐梓县', 0),
(778, 773, '绥阳县', 0),
(779, 773, '正安县', 0),
(780, 773, '道真仡佬族苗族自治县', 0),
(781, 773, '务川仡佬族苗族自治县', 0),
(782, 773, '凤冈县', 0),
(783, 773, '湄潭县', 0),
(784, 773, '余庆县', 0),
(785, 773, '习水县', 0),
(786, 773, '赤水市', 0),
(787, 773, '仁怀市', 0),
(788, 0, '海南', 0),
(789, 788, '海口市', 0),
(790, 789, '秀英区', 0),
(791, 789, '龙华区', 0),
(792, 789, '琼山区', 0),
(793, 789, '美兰区', 0),
(794, 788, '白沙黎族自治县', 0),
(795, 788, '保亭黎族苗族自治县', 0),
(796, 788, '昌江黎族自治县', 0),
(797, 788, '澄迈县', 0),
(798, 788, '儋州市', 0),
(799, 788, '定安县', 0),
(800, 788, '东方市', 0),
(801, 788, '乐东黎族自治县', 0),
(802, 788, '临高县', 0),
(803, 788, '陵水黎族自治县', 0),
(804, 788, '南沙群岛', 0),
(805, 788, '琼海市', 0),
(806, 788, '琼中黎族苗族自治县', 0),
(807, 788, '三亚市', 0),
(808, 788, '屯昌县', 0),
(809, 788, '万宁市', 0),
(810, 788, '文昌市', 0),
(811, 788, '五指山市', 0),
(812, 788, '西沙群岛', 0),
(813, 788, '中沙群岛的岛礁及其海域', 0),
(814, 0, '河北', 0),
(815, 814, '石家庄市', 0),
(816, 815, '长安区', 0),
(817, 815, '桥东区', 0),
(818, 815, '桥西区', 0),
(819, 815, '新华区', 0),
(820, 815, '井陉矿区', 0),
(821, 815, '裕华区', 0),
(822, 815, '井陉县', 0),
(823, 815, '正定县', 0),
(824, 815, '栾城县', 0),
(825, 815, '行唐县', 0),
(826, 815, '灵寿县', 0),
(827, 815, '高邑县', 0),
(828, 815, '深泽县', 0),
(829, 815, '赞皇县', 0),
(830, 815, '无极县', 0),
(831, 815, '平山县', 0),
(832, 815, '元氏县', 0),
(833, 815, '赵县', 0),
(834, 815, '辛集市', 0),
(835, 815, '藁城市', 0),
(836, 815, '晋州市', 0),
(837, 815, '新乐市', 0),
(838, 815, '鹿泉市', 0),
(839, 814, '保定市', 0),
(840, 839, '新市区', 0),
(841, 839, '北市区', 0),
(842, 839, '南市区', 0),
(843, 839, '满城县', 0),
(844, 839, '清苑县', 0),
(845, 839, '涞水县', 0),
(846, 839, '阜平县', 0),
(847, 839, '徐水县', 0),
(848, 839, '定兴县', 0),
(849, 839, '唐县', 0),
(850, 839, '高阳县', 0),
(851, 839, '容城县', 0),
(852, 839, '涞源县', 0),
(853, 839, '望都县', 0),
(854, 839, '安新县', 0),
(855, 839, '易县', 0),
(856, 839, '曲阳县', 0),
(857, 839, '蠡县', 0),
(858, 839, '顺平县', 0),
(859, 839, '博野县', 0),
(860, 839, '雄县', 0),
(861, 839, '涿州市', 0),
(862, 839, '定州市', 0),
(863, 839, '安国市', 0),
(864, 839, '高碑店市', 0),
(865, 814, '沧州市', 0),
(866, 865, '新华区', 0),
(867, 865, '运河区', 0),
(868, 865, '沧县', 0),
(869, 865, '青县', 0),
(870, 865, '东光县', 0),
(871, 865, '海兴县', 0),
(872, 865, '盐山县', 0),
(873, 865, '肃宁县', 0),
(874, 865, '南皮县', 0),
(875, 865, '吴桥县', 0),
(876, 865, '献县', 0),
(877, 865, '孟村回族自治县', 0),
(878, 865, '泊头市', 0),
(879, 865, '任丘市', 0),
(880, 865, '黄骅市', 0),
(881, 865, '河间市', 0),
(882, 814, '承德市', 0),
(883, 882, '双桥区', 0),
(884, 882, '双滦区', 0),
(885, 882, '鹰手营子矿区', 0),
(886, 882, '承德县', 0),
(887, 882, '兴隆县', 0),
(888, 882, '平泉县', 0),
(889, 882, '滦平县', 0),
(890, 882, '隆化县', 0),
(891, 882, '丰宁满族自治县', 0),
(892, 882, '宽城满族自治县', 0),
(893, 882, '围场满族蒙古族自治县', 0),
(894, 814, '邯郸市', 0),
(895, 894, '邯山区', 0),
(896, 894, '丛台区', 0),
(897, 894, '复兴区', 0),
(898, 894, '峰峰矿区', 0),
(899, 894, '邯郸县', 0),
(900, 894, '临漳县', 0),
(901, 894, '成安县', 0),
(902, 894, '大名县', 0),
(903, 894, '涉县', 0),
(904, 894, '磁县', 0),
(905, 894, '肥乡县', 0),
(906, 894, '永年县', 0),
(907, 894, '邱县', 0),
(908, 894, '鸡泽县', 0),
(909, 894, '广平县', 0),
(910, 894, '馆陶县', 0),
(911, 894, '魏县', 0),
(912, 894, '曲周县', 0),
(913, 894, '武安市', 0),
(914, 814, '衡水市', 0),
(915, 914, '桃城区', 0),
(916, 914, '枣强县', 0),
(917, 914, '武邑县', 0),
(918, 914, '武强县', 0),
(919, 914, '饶阳县', 0),
(920, 914, '安平县', 0),
(921, 914, '故城县', 0),
(922, 914, '景县', 0),
(923, 914, '阜城县', 0),
(924, 914, '冀州市', 0),
(925, 914, '深州市', 0),
(926, 814, '廊坊市', 0),
(927, 926, '安次区', 0),
(928, 926, '广阳区', 0),
(929, 926, '固安县', 0),
(930, 926, '永清县', 0),
(931, 926, '香河县', 0),
(932, 926, '大城县', 0),
(933, 926, '文安县', 0),
(934, 926, '大厂回族自治县', 0),
(935, 926, '霸州市', 0),
(936, 926, '三河市', 0),
(937, 814, '秦皇岛市', 0),
(938, 937, '海港区', 0),
(939, 937, '山海关区', 0),
(940, 937, '北戴河区', 0),
(941, 937, '青龙满族自治县', 0),
(942, 937, '昌黎县', 0),
(943, 937, '抚宁县', 0),
(944, 937, '卢龙县', 0),
(945, 814, '唐山市', 0),
(946, 945, '路南区', 0),
(947, 945, '路北区', 0),
(948, 945, '古冶区', 0),
(949, 945, '开平区', 0),
(950, 945, '丰南区', 0),
(951, 945, '丰润区', 0),
(952, 945, '滦县', 0),
(953, 945, '滦南县', 0),
(954, 945, '乐亭县', 0),
(955, 945, '迁西县', 0),
(956, 945, '玉田县', 0),
(957, 945, '唐海县', 0),
(958, 945, '遵化市', 0),
(959, 945, '迁安市', 0),
(960, 814, '邢台市', 0),
(961, 960, '桥东区', 0),
(962, 960, '桥西区', 0),
(963, 960, '邢台县', 0),
(964, 960, '临城县', 0),
(965, 960, '内丘县', 0),
(966, 960, '柏乡县', 0),
(967, 960, '隆尧县', 0),
(968, 960, '任县', 0),
(969, 960, '南和县', 0),
(970, 960, '宁晋县', 0),
(971, 960, '巨鹿县', 0),
(972, 960, '新河县', 0),
(973, 960, '广宗县', 0),
(974, 960, '平乡县', 0),
(975, 960, '威县', 0),
(976, 960, '清河县', 0),
(977, 960, '临西县', 0),
(978, 960, '南宫市', 0),
(979, 960, '沙河市', 0),
(980, 814, '张家口市', 0),
(981, 980, '桥东区', 0),
(982, 980, '桥西区', 0),
(983, 980, '宣化区', 0),
(984, 980, '下花园区', 0),
(985, 980, '宣化县', 0),
(986, 980, '张北县', 0),
(987, 980, '康保县', 0),
(988, 980, '沽源县', 0),
(989, 980, '尚义县', 0),
(990, 980, '蔚县', 0),
(991, 980, '阳原县', 0),
(992, 980, '怀安县', 0),
(993, 980, '万全县', 0),
(994, 980, '怀来县', 0),
(995, 980, '涿鹿县', 0),
(996, 980, '赤城县', 0),
(997, 980, '崇礼县', 0),
(998, 0, '河南', 0),
(999, 998, '郑州市', 0),
(1000, 999, '中原区', 0),
(1001, 999, '二七区', 0),
(1002, 999, '管城回族区', 0),
(1003, 999, '金水区', 0),
(1004, 999, '上街区', 0),
(1005, 999, '邙山区', 0),
(1006, 999, '中牟县', 0),
(1007, 999, '巩义市', 0),
(1008, 999, '荥阳市', 0),
(1009, 999, '新密市', 0),
(1010, 999, '新郑市', 0),
(1011, 999, '登封市', 0),
(1012, 998, '安阳市', 0),
(1013, 1012, '文峰区', 0),
(1014, 1012, '北关区', 0),
(1015, 1012, '殷都区', 0),
(1016, 1012, '龙安区', 0),
(1017, 1012, '安阳县', 0),
(1018, 1012, '汤阴县', 0),
(1019, 1012, '滑县', 0),
(1020, 1012, '内黄县', 0),
(1021, 1012, '林州市', 0),
(1022, 998, '鹤壁市', 0),
(1023, 1022, '鹤山区', 0),
(1024, 1022, '山城区', 0),
(1025, 1022, '淇滨区', 0),
(1026, 1022, '浚县', 0),
(1027, 1022, '淇县', 0),
(1028, 998, '济源市', 0),
(1029, 998, '焦作市', 0),
(1030, 1029, '解放区', 0),
(1031, 1029, '中站区', 0),
(1032, 1029, '马村区', 0),
(1033, 1029, '山阳区', 0),
(1034, 1029, '修武县', 0),
(1035, 1029, '博爱县', 0),
(1036, 1029, '武陟县', 0),
(1037, 1029, '温县', 0),
(1038, 1029, '济源市', 0),
(1039, 1029, '沁阳市', 0),
(1040, 1029, '孟州市', 0),
(1041, 998, '开封市', 0),
(1042, 1041, '龙亭区', 0),
(1043, 1041, '顺河回族区', 0),
(1044, 1041, '鼓楼区', 0),
(1045, 1041, '南关区', 0),
(1046, 1041, '郊区', 0),
(1047, 1041, '杞县', 0),
(1048, 1041, '通许县', 0),
(1049, 1041, '尉氏县', 0),
(1050, 1041, '开封县', 0),
(1051, 1041, '兰考县', 0),
(1052, 998, '洛阳市', 0),
(1053, 1052, '老城区', 0),
(1054, 1052, '西工区', 0),
(1055, 1052, '廛河回族区', 0),
(1056, 1052, '涧西区', 0),
(1057, 1052, '吉利区', 0),
(1058, 1052, '洛龙区', 0),
(1059, 1052, '孟津县', 0),
(1060, 1052, '新安县', 0),
(1061, 1052, '栾川县', 0),
(1062, 1052, '嵩县', 0),
(1063, 1052, '汝阳县', 0),
(1064, 1052, '宜阳县', 0),
(1065, 1052, '洛宁县', 0),
(1066, 1052, '伊川县', 0),
(1067, 1052, '偃师市', 0),
(1068, 998, '漯河市', 0),
(1069, 1068, '源汇区', 0),
(1070, 1068, '郾城区', 0),
(1071, 1068, '召陵区', 0),
(1072, 1068, '舞阳县', 0),
(1073, 1068, '临颍县', 0),
(1074, 998, '南阳市', 0),
(1075, 1074, '宛城区', 0),
(1076, 1074, '卧龙区', 0),
(1077, 1074, '南召县', 0),
(1078, 1074, '方城县', 0),
(1079, 1074, '西峡县', 0),
(1080, 1074, '镇平县', 0),
(1081, 1074, '内乡县', 0),
(1082, 1074, '淅川县', 0),
(1083, 1074, '社旗县', 0),
(1084, 1074, '唐河县', 0),
(1085, 1074, '新野县', 0),
(1086, 1074, '桐柏县', 0),
(1087, 1074, '邓州市', 0),
(1088, 998, '平顶山市', 0),
(1089, 1088, '新华区', 0),
(1090, 1088, '卫东区', 0),
(1091, 1088, '石龙区', 0),
(1092, 1088, '湛河区', 0),
(1093, 1088, '宝丰县', 0),
(1094, 1088, '叶县', 0),
(1095, 1088, '鲁山县', 0),
(1096, 1088, '郏县', 0),
(1097, 1088, '舞钢市', 0),
(1098, 1088, '汝州市', 0),
(1099, 998, '濮阳市', 0),
(1100, 1099, '华龙区', 0),
(1101, 1099, '清丰县', 0),
(1102, 1099, '南乐县', 0),
(1103, 1099, '范县', 0),
(1104, 1099, '台前县', 0),
(1105, 1099, '濮阳县', 0),
(1106, 998, '三门峡市', 0),
(1107, 1106, '湖滨区', 0),
(1108, 1106, '渑池县', 0),
(1109, 1106, '陕县', 0),
(1110, 1106, '卢氏县', 0),
(1111, 1106, '义马市', 0),
(1112, 1106, '灵宝市', 0),
(1113, 998, '商丘市', 0),
(1114, 1113, '梁园区', 0),
(1115, 1113, '睢阳区', 0),
(1116, 1113, '民权县', 0),
(1117, 1113, '睢县', 0),
(1118, 1113, '宁陵县', 0),
(1119, 1113, '柘城县', 0),
(1120, 1113, '虞城县', 0),
(1121, 1113, '夏邑县', 0),
(1122, 1113, '永城市', 0),
(1123, 998, '新乡市', 0),
(1124, 1123, '红旗区', 0),
(1125, 1123, '卫滨区', 0),
(1126, 1123, '凤泉区', 0),
(1127, 1123, '牧野区', 0),
(1128, 1123, '新乡县', 0),
(1129, 1123, '获嘉县', 0),
(1130, 1123, '原阳县', 0),
(1131, 1123, '延津县', 0),
(1132, 1123, '封丘县', 0),
(1133, 1123, '长垣县', 0),
(1134, 1123, '卫辉市', 0),
(1135, 1123, '辉县市', 0),
(1136, 998, '信阳市', 0),
(1137, 1136, '师河区', 0),
(1138, 1136, '平桥区', 0),
(1139, 1136, '罗山县', 0),
(1140, 1136, '光山县', 0),
(1141, 1136, '新县', 0),
(1142, 1136, '商城县', 0),
(1143, 1136, '固始县', 0),
(1144, 1136, '潢川县', 0),
(1145, 1136, '淮滨县', 0),
(1146, 1136, '息县', 0),
(1147, 998, '许昌市', 0),
(1148, 1147, '魏都区', 0),
(1149, 1147, '许昌县', 0),
(1150, 1147, '鄢陵县', 0),
(1151, 1147, '襄城县', 0),
(1152, 1147, '禹州市', 0),
(1153, 1147, '长葛市', 0),
(1154, 998, '周口市', 0),
(1155, 1154, '川汇区', 0),
(1156, 1154, '扶沟县', 0),
(1157, 1154, '西华县', 0),
(1158, 1154, '商水县', 0),
(1159, 1154, '沈丘县', 0),
(1160, 1154, '郸城县', 0),
(1161, 1154, '淮阳县', 0),
(1162, 1154, '太康县', 0),
(1163, 1154, '鹿邑县', 0),
(1164, 1154, '项城市', 0),
(1165, 998, '驻马店市', 0),
(1166, 1165, '驿城区', 0),
(1167, 1165, '西平县', 0),
(1168, 1165, '上蔡县', 0),
(1169, 1165, '平舆县', 0),
(1170, 1165, '正阳县', 0),
(1171, 1165, '确山县', 0),
(1172, 1165, '泌阳县', 0),
(1173, 1165, '汝南县', 0),
(1174, 1165, '遂平县', 0),
(1175, 1165, '新蔡县', 0),
(1176, 0, '黑龙江', 0),
(1177, 1176, '哈尔滨市', 0),
(1178, 1177, '道里区', 0),
(1179, 1177, '南岗区', 0),
(1180, 1177, '道外区', 0),
(1181, 1177, '香坊区', 0),
(1182, 1177, '动力区', 0),
(1183, 1177, '平房区', 0),
(1184, 1177, '松北区', 0),
(1185, 1177, '呼兰区', 0),
(1186, 1177, '依兰县', 0),
(1187, 1177, '方正县', 0),
(1188, 1177, '宾县', 0),
(1189, 1177, '巴彦县', 0),
(1190, 1177, '木兰县', 0),
(1191, 1177, '通河县', 0),
(1192, 1177, '延寿县', 0),
(1193, 1177, '阿城市', 0),
(1194, 1177, '双城市', 0),
(1195, 1177, '尚志市', 0),
(1196, 1177, '五常市', 0),
(1197, 1176, '大庆市', 0),
(1198, 1197, '萨尔图区', 0),
(1199, 1197, '龙凤区', 0),
(1200, 1197, '让胡路区', 0),
(1201, 1197, '红岗区', 0),
(1202, 1197, '大同区', 0),
(1203, 1197, '肇州县', 0),
(1204, 1197, '肇源县', 0),
(1205, 1197, '林甸县', 0),
(1206, 1197, '杜尔伯特蒙古族自治县', 0),
(1207, 1176, '大兴安岭地区', 0),
(1208, 1207, '呼玛县', 0),
(1209, 1207, '塔河县', 0),
(1210, 1207, '漠河县', 0),
(1211, 1176, '鹤岗市', 0),
(1212, 1211, '向阳区', 0),
(1213, 1211, '工农区', 0),
(1214, 1211, '南山区', 0),
(1215, 1211, '兴安区', 0),
(1216, 1211, '东山区', 0),
(1217, 1211, '兴山区', 0),
(1218, 1211, '萝北县', 0),
(1219, 1211, '绥滨县', 0),
(1220, 1176, '黑河市', 0),
(1221, 1220, '爱辉区', 0),
(1222, 1220, '嫩江县', 0),
(1223, 1220, '逊克县', 0),
(1224, 1220, '孙吴县', 0),
(1225, 1220, '北安市', 0),
(1226, 1220, '五大连池市', 0),
(1227, 1176, '鸡西市', 0),
(1228, 1227, '鸡冠区', 0),
(1229, 1227, '恒山区', 0),
(1230, 1227, '滴道区', 0),
(1231, 1227, '梨树区', 0),
(1232, 1227, '城子河区', 0),
(1233, 1227, '麻山区', 0),
(1234, 1227, '鸡东县', 0),
(1235, 1227, '虎林市', 0),
(1236, 1227, '密山市', 0),
(1237, 1176, '佳木斯市', 0),
(1238, 1237, '永红区', 0),
(1239, 1237, '向阳区', 0),
(1240, 1237, '前进区', 0),
(1241, 1237, '东风区', 0),
(1242, 1237, '郊区', 0),
(1243, 1237, '桦南县', 0),
(1244, 1237, '桦川县', 0),
(1245, 1237, '汤原县', 0),
(1246, 1237, '抚远县', 0),
(1247, 1237, '同江市', 0),
(1248, 1237, '富锦市', 0),
(1249, 1176, '牡丹江市', 0),
(1250, 1249, '东安区', 0),
(1251, 1249, '阳明区', 0),
(1252, 1249, '爱民区', 0),
(1253, 1249, '西安区', 0),
(1254, 1249, '东宁县', 0),
(1255, 1249, '林口县', 0),
(1256, 1249, '绥芬河市', 0),
(1257, 1249, '海林市', 0),
(1258, 1249, '宁安市', 0),
(1259, 1249, '穆棱市', 0),
(1260, 1176, '七台河市', 0),
(1261, 1260, '新兴区', 0),
(1262, 1260, '桃山区', 0),
(1263, 1260, '茄子河区', 0),
(1264, 1260, '勃利县', 0),
(1265, 1176, '齐齐哈尔市', 0),
(1266, 1265, '龙沙区', 0),
(1267, 1265, '建华区', 0),
(1268, 1265, '铁锋区', 0),
(1269, 1265, '昂昂溪区', 0),
(1270, 1265, '富拉尔基区', 0),
(1271, 1265, '碾子山区', 0),
(1272, 1265, '梅里斯达斡尔族区', 0),
(1273, 1265, '龙江县', 0),
(1274, 1265, '依安县', 0),
(1275, 1265, '泰来县', 0),
(1276, 1265, '甘南县', 0),
(1277, 1265, '富裕县', 0),
(1278, 1265, '克山县', 0),
(1279, 1265, '克东县', 0),
(1280, 1265, '拜泉县', 0),
(1281, 1265, '讷河市', 0),
(1282, 1176, '双鸭山市', 0),
(1283, 1282, '尖山区', 0),
(1284, 1282, '岭东区', 0),
(1285, 1282, '四方台区', 0),
(1286, 1282, '宝山区', 0),
(1287, 1282, '集贤县', 0),
(1288, 1282, '友谊县', 0),
(1289, 1282, '宝清县', 0),
(1290, 1282, '饶河县', 0),
(1291, 1176, '绥化市', 0),
(1292, 1291, '北林区', 0),
(1293, 1291, '望奎县', 0),
(1294, 1291, '兰西县', 0),
(1295, 1291, '青冈县', 0),
(1296, 1291, '庆安县', 0),
(1297, 1291, '明水县', 0),
(1298, 1291, '绥棱县', 0),
(1299, 1291, '安达市', 0),
(1300, 1291, '肇东市', 0),
(1301, 1291, '海伦市', 0),
(1302, 1176, '伊春市', 0),
(1303, 1302, '伊春区', 0),
(1304, 1302, '南岔区', 0),
(1305, 1302, '友好区', 0),
(1306, 1302, '西林区', 0),
(1307, 1302, '翠峦区', 0),
(1308, 1302, '新青区', 0),
(1309, 1302, '美溪区', 0),
(1310, 1302, '金山屯区', 0),
(1311, 1302, '五营区', 0),
(1312, 1302, '乌马河区', 0),
(1313, 1302, '汤旺河区', 0),
(1314, 1302, '带岭区', 0),
(1315, 1302, '乌伊岭区', 0),
(1316, 1302, '红星区', 0),
(1317, 1302, '上甘岭区', 0),
(1318, 1302, '嘉荫县', 0),
(1319, 1302, '铁力市', 0),
(1320, 0, '湖北', 0),
(1321, 1320, '武汉市', 0),
(1322, 1321, '江岸区', 0),
(1323, 1321, '江汉区', 0),
(1324, 1321, '乔口区', 0),
(1325, 1321, '汉阳区', 0),
(1326, 1321, '武昌区', 0),
(1327, 1321, '青山区', 0),
(1328, 1321, '洪山区', 0),
(1329, 1321, '东西湖区', 0),
(1330, 1321, '汉南区', 0),
(1331, 1321, '蔡甸区', 0),
(1332, 1321, '江夏区', 0),
(1333, 1321, '黄陂区', 0),
(1334, 1321, '新洲区', 0),
(1335, 1320, '鄂州市', 0),
(1336, 1335, '梁子湖区', 0),
(1337, 1335, '华容区', 0),
(1338, 1335, '鄂城区', 0),
(1339, 1320, '恩施土家族苗族自治州', 0),
(1340, 1339, '恩施市', 0),
(1341, 1339, '利川市', 0),
(1342, 1339, '建始县', 0),
(1343, 1339, '巴东县', 0),
(1344, 1339, '宣恩县', 0),
(1345, 1339, '咸丰县', 0),
(1346, 1339, '来凤县', 0),
(1347, 1339, '鹤峰县', 0),
(1348, 1320, '黄冈市', 0),
(1349, 1348, '黄州区', 0),
(1350, 1348, '团风县', 0),
(1351, 1348, '红安县', 0),
(1352, 1348, '罗田县', 0),
(1353, 1348, '英山县', 0),
(1354, 1348, '浠水县', 0),
(1355, 1348, '蕲春县', 0),
(1356, 1348, '黄梅县', 0),
(1357, 1348, '麻城市', 0),
(1358, 1348, '武穴市', 0),
(1359, 1320, '黄石市', 0),
(1360, 1359, '黄石港区', 0),
(1361, 1359, '西塞山区', 0),
(1362, 1359, '下陆区', 0),
(1363, 1359, '铁山区', 0),
(1364, 1359, '阳新县', 0),
(1365, 1359, '大冶市', 0),
(1366, 1320, '荆门市', 0),
(1367, 1366, '东宝区', 0),
(1368, 1366, '掇刀区', 0),
(1369, 1366, '京山县', 0),
(1370, 1366, '沙洋县', 0),
(1371, 1366, '钟祥市', 0),
(1372, 1320, '荆州市', 0),
(1373, 1372, '沙市区', 0),
(1374, 1372, '荆州区', 0),
(1375, 1372, '公安县', 0),
(1376, 1372, '监利县', 0),
(1377, 1372, '江陵县', 0),
(1378, 1372, '石首市', 0),
(1379, 1372, '洪湖市', 0),
(1380, 1372, '松滋市', 0),
(1381, 1320, '潜江市', 0),
(1382, 1320, '神农架林区', 0),
(1383, 1320, '十堰市', 0),
(1384, 1383, '茅箭区', 0),
(1385, 1383, '张湾区', 0),
(1386, 1383, '郧县', 0),
(1387, 1383, '郧西县', 0),
(1388, 1383, '竹山县', 0),
(1389, 1383, '竹溪县', 0),
(1390, 1383, '房县', 0),
(1391, 1383, '丹江口市', 0),
(1392, 1320, '随州市', 0),
(1393, 1392, '曾都区', 0),
(1394, 1392, '广水市', 0),
(1395, 1320, '天门市', 0),
(1396, 1320, '仙桃市', 0),
(1397, 1320, '咸宁市', 0),
(1398, 1397, '咸安区', 0),
(1399, 1397, '嘉鱼县', 0),
(1400, 1397, '通城县', 0),
(1401, 1397, '崇阳县', 0),
(1402, 1397, '通山县', 0),
(1403, 1397, '赤壁市', 0),
(1404, 1320, '襄樊市', 0),
(1405, 1404, '襄城区', 0),
(1406, 1404, '樊城区', 0),
(1407, 1404, '襄阳区', 0),
(1408, 1404, '南漳县', 0),
(1409, 1404, '谷城县', 0),
(1410, 1404, '保康县', 0),
(1411, 1404, '老河口市', 0),
(1412, 1404, '枣阳市', 0),
(1413, 1404, '宜城市', 0),
(1414, 1320, '孝感市', 0),
(1415, 1414, '孝南区', 0),
(1416, 1414, '孝昌县', 0),
(1417, 1414, '大悟县', 0),
(1418, 1414, '云梦县', 0),
(1419, 1414, '应城市', 0),
(1420, 1414, '安陆市', 0),
(1421, 1414, '汉川市', 0),
(1422, 1320, '宜昌市', 0),
(1423, 1422, '西陵区', 0),
(1424, 1422, '伍家岗区', 0),
(1425, 1422, '点军区', 0),
(1426, 1422, '猇亭区', 0),
(1427, 1422, '夷陵区', 0),
(1428, 1422, '远安县', 0),
(1429, 1422, '兴山县', 0),
(1430, 1422, '秭归县', 0),
(1431, 1422, '长阳土家族自治县', 0),
(1432, 1422, '五峰土家族自治县', 0),
(1433, 1422, '宜都市', 0),
(1434, 1422, '当阳市', 0),
(1435, 1422, '枝江市', 0),
(1436, 0, '湖南', 0),
(1437, 1436, '长沙市', 0),
(1438, 1437, '芙蓉区', 0),
(1439, 1437, '天心区', 0),
(1440, 1437, '岳麓区', 0),
(1441, 1437, '开福区', 0),
(1442, 1437, '雨花区', 0),
(1443, 1437, '长沙县', 0),
(1444, 1437, '望城县', 0),
(1445, 1437, '宁乡县', 0),
(1446, 1437, '浏阳市', 0),
(1447, 1436, '常德市', 0),
(1448, 1447, '武陵区', 0),
(1449, 1447, '鼎城区', 0),
(1450, 1447, '安乡县', 0),
(1451, 1447, '汉寿县', 0),
(1452, 1447, '澧县', 0),
(1453, 1447, '临澧县', 0),
(1454, 1447, '桃源县', 0),
(1455, 1447, '石门县', 0),
(1456, 1447, '津市市', 0),
(1457, 1436, '郴州市', 0),
(1458, 1457, '北湖区', 0),
(1459, 1457, '苏仙区', 0),
(1460, 1457, '桂阳县', 0),
(1461, 1457, '宜章县', 0),
(1462, 1457, '永兴县', 0),
(1463, 1457, '嘉禾县', 0),
(1464, 1457, '临武县', 0),
(1465, 1457, '汝城县', 0),
(1466, 1457, '桂东县', 0),
(1467, 1457, '安仁县', 0),
(1468, 1457, '资兴市', 0),
(1469, 1436, '衡阳市', 0),
(1470, 1469, '珠晖区', 0),
(1471, 1469, '雁峰区', 0),
(1472, 1469, '石鼓区', 0),
(1473, 1469, '蒸湘区', 0),
(1474, 1469, '南岳区', 0),
(1475, 1469, '衡阳县', 0),
(1476, 1469, '衡南县', 0),
(1477, 1469, '衡山县', 0),
(1478, 1469, '衡东县', 0),
(1479, 1469, '祁东县', 0),
(1480, 1469, '耒阳市', 0),
(1481, 1469, '常宁市', 0),
(1482, 1436, '怀化市', 0),
(1483, 1482, '鹤城区', 0),
(1484, 1482, '中方县', 0),
(1485, 1482, '沅陵县', 0),
(1486, 1482, '辰溪县', 0),
(1487, 1482, '溆浦县', 0),
(1488, 1482, '会同县', 0),
(1489, 1482, '麻阳苗族自治县', 0),
(1490, 1482, '新晃侗族自治县', 0),
(1491, 1482, '芷江侗族自治县', 0),
(1492, 1482, '靖州苗族侗族自治县', 0),
(1493, 1482, '通道侗族自治县', 0),
(1494, 1482, '洪江市', 0),
(1495, 1436, '娄底市', 0),
(1496, 1495, '娄星区', 0),
(1497, 1495, '双峰县', 0),
(1498, 1495, '新化县', 0),
(1499, 1495, '冷水江市', 0),
(1500, 1495, '涟源市', 0),
(1501, 1436, '邵阳市', 0),
(1502, 1501, '双清区', 0),
(1503, 1501, '大祥区', 0),
(1504, 1501, '北塔区', 0),
(1505, 1501, '邵东县', 0),
(1506, 1501, '新邵县', 0),
(1507, 1501, '邵阳县', 0),
(1508, 1501, '隆回县', 0),
(1509, 1501, '洞口县', 0),
(1510, 1501, '绥宁县', 0),
(1511, 1501, '新宁县', 0),
(1512, 1501, '城步苗族自治县', 0),
(1513, 1501, '武冈市', 0),
(1514, 1436, '湘潭市', 0),
(1515, 1514, '雨湖区', 0),
(1516, 1514, '岳塘区', 0),
(1517, 1514, '湘潭县', 0),
(1518, 1514, '湘乡市', 0),
(1519, 1514, '韶山市', 0),
(1520, 1436, '湘西土家族苗族自治州', 0),
(1521, 1520, '吉首市', 0),
(1522, 1520, '泸溪县', 0),
(1523, 1520, '凤凰县', 0),
(1524, 1520, '花垣县', 0),
(1525, 1520, '保靖县', 0),
(1526, 1520, '古丈县', 0),
(1527, 1520, '永顺县', 0),
(1528, 1520, '龙山县', 0),
(1529, 1436, '益阳市', 0),
(1530, 1529, '资阳区', 0),
(1531, 1529, '赫山区', 0),
(1532, 1529, '南县', 0),
(1533, 1529, '桃江县', 0),
(1534, 1529, '安化县', 0),
(1535, 1529, '沅江市', 0),
(1536, 1436, '永州市', 0),
(1537, 1536, '芝山区', 0),
(1538, 1536, '冷水滩区', 0),
(1539, 1536, '祁阳县', 0),
(1540, 1536, '东安县', 0),
(1541, 1536, '双牌县', 0),
(1542, 1536, '道县', 0),
(1543, 1536, '江永县', 0),
(1544, 1536, '宁远县', 0),
(1545, 1536, '蓝山县', 0),
(1546, 1536, '新田县', 0),
(1547, 1536, '江华瑶族自治县', 0),
(1548, 1436, '岳阳市', 0),
(1549, 1548, '岳阳楼区', 0),
(1550, 1548, '云溪区', 0),
(1551, 1548, '君山区', 0),
(1552, 1548, '岳阳县', 0),
(1553, 1548, '华容县', 0),
(1554, 1548, '湘阴县', 0),
(1555, 1548, '平江县', 0),
(1556, 1548, '汨罗市', 0),
(1557, 1548, '临湘市', 0),
(1558, 1436, '张家界市', 0),
(1559, 1558, '永定区', 0),
(1560, 1558, '武陵源区', 0),
(1561, 1558, '慈利县', 0),
(1562, 1558, '桑植县', 0),
(1563, 1436, '株洲市', 0),
(1564, 1563, '荷塘区', 0),
(1565, 1563, '芦淞区', 0),
(1566, 1563, '石峰区', 0),
(1567, 1563, '天元区', 0),
(1568, 1563, '株洲县', 0),
(1569, 1563, '攸县', 0),
(1570, 1563, '茶陵县', 0),
(1571, 1563, '炎陵县', 0),
(1572, 1563, '醴陵市', 0),
(1573, 0, '吉林', 0),
(1574, 1573, '长春市', 0),
(1575, 1574, '南关区', 0),
(1576, 1574, '宽城区', 0),
(1577, 1574, '朝阳区', 0),
(1578, 1574, '二道区', 0),
(1579, 1574, '绿园区', 0),
(1580, 1574, '双阳区', 0),
(1581, 1574, '农安县', 0),
(1582, 1574, '九台市', 0),
(1583, 1574, '榆树市', 0),
(1584, 1574, '德惠市', 0),
(1585, 1573, '白城市', 0),
(1586, 1585, '洮北区', 0),
(1587, 1585, '镇赉县', 0),
(1588, 1585, '通榆县', 0),
(1589, 1585, '洮南市', 0),
(1590, 1585, '大安市', 0),
(1591, 1573, '白山市', 0),
(1592, 1591, '八道江区', 0),
(1593, 1591, '抚松县', 0),
(1594, 1591, '靖宇县', 0),
(1595, 1591, '长白朝鲜族自治县', 0),
(1596, 1591, '江源县', 0),
(1597, 1591, '临江市', 0),
(1598, 1573, '吉林市', 0),
(1599, 1598, '昌邑区', 0),
(1600, 1598, '龙潭区', 0),
(1601, 1598, '船营区', 0),
(1602, 1598, '丰满区', 0),
(1603, 1598, '永吉县', 0),
(1604, 1598, '蛟河市', 0),
(1605, 1598, '桦甸市', 0),
(1606, 1598, '舒兰市', 0),
(1607, 1598, '磐石市', 0),
(1608, 1573, '辽源市', 0),
(1609, 1608, '龙山区', 0),
(1610, 1608, '西安区', 0),
(1611, 1608, '东丰县', 0),
(1612, 1608, '东辽县', 0),
(1613, 1573, '四平市', 0),
(1614, 1613, '铁西区', 0),
(1615, 1613, '铁东区', 0),
(1616, 1613, '梨树县', 0),
(1617, 1613, '伊通满族自治县', 0),
(1618, 1613, '公主岭市', 0),
(1619, 1613, '双辽市', 0),
(1620, 1573, '松原市', 0),
(1621, 1620, '宁江区', 0),
(1622, 1620, '前郭尔罗斯蒙古族自治县', 0),
(1623, 1620, '长岭县', 0),
(1624, 1620, '乾安县', 0),
(1625, 1620, '扶余县', 0),
(1626, 1573, '通化市', 0),
(1627, 1626, '东昌区', 0),
(1628, 1626, '二道江区', 0),
(1629, 1626, '通化县', 0),
(1630, 1626, '辉南县', 0),
(1631, 1626, '柳河县', 0),
(1632, 1626, '梅河口市', 0),
(1633, 1626, '集安市', 0),
(1634, 1573, '延边朝鲜族自治州', 0),
(1635, 1634, '延吉市', 0),
(1636, 1634, '图们市', 0),
(1637, 1634, '敦化市', 0),
(1638, 1634, '珲春市', 0),
(1639, 1634, '龙井市', 0),
(1640, 1634, '和龙市', 0),
(1641, 1634, '汪清县', 0),
(1642, 1634, '安图县', 0),
(1643, 0, '江苏', 0),
(1644, 1643, '南京市', 0),
(1645, 1644, '玄武区', 0),
(1646, 1644, '白下区', 0),
(1647, 1644, '秦淮区', 0),
(1648, 1644, '建邺区', 0),
(1649, 1644, '鼓楼区', 0),
(1650, 1644, '下关区', 0),
(1651, 1644, '浦口区', 0),
(1652, 1644, '栖霞区', 0),
(1653, 1644, '雨花台区', 0),
(1654, 1644, '江宁区', 0),
(1655, 1644, '六合区', 0),
(1656, 1644, '溧水县', 0),
(1657, 1644, '高淳县', 0),
(1658, 1643, '常州市', 0),
(1659, 1658, '天宁区', 0),
(1660, 1658, '钟楼区', 0),
(1661, 1658, '戚墅堰区', 0),
(1662, 1658, '新北区', 0),
(1663, 1658, '武进区', 0),
(1664, 1658, '溧阳市', 0),
(1665, 1658, '金坛市', 0),
(1666, 1643, '淮安市', 0),
(1667, 1666, '清河区', 0),
(1668, 1666, '楚州区', 0),
(1669, 1666, '淮阴区', 0),
(1670, 1666, '清浦区', 0),
(1671, 1666, '涟水县', 0),
(1672, 1666, '洪泽县', 0),
(1673, 1666, '盱眙县', 0),
(1674, 1666, '金湖县', 0),
(1675, 1643, '连云港市', 0),
(1676, 1675, '连云区', 0),
(1677, 1675, '新浦区', 0),
(1678, 1675, '海州区', 0),
(1679, 1675, '赣榆县', 0),
(1680, 1675, '东海县', 0),
(1681, 1675, '灌云县', 0),
(1682, 1675, '灌南县', 0),
(1683, 1643, '南通市', 0),
(1684, 1683, '崇川区', 0),
(1685, 1683, '港闸区', 0),
(1686, 1683, '海安县', 0),
(1687, 1683, '如东县', 0),
(1688, 1683, '启东市', 0),
(1689, 1683, '如皋市', 0),
(1690, 1683, '通州市', 0),
(1691, 1683, '海门市', 0),
(1692, 1643, '苏州市', 0),
(1693, 1692, '沧浪区', 0),
(1694, 1692, '平江区', 0),
(1695, 1692, '金阊区', 0),
(1696, 1692, '虎丘区', 0),
(1697, 1692, '吴中区', 0),
(1698, 1692, '相城区', 0),
(1699, 1692, '常熟市', 0),
(1700, 1692, '张家港市', 0),
(1701, 1692, '昆山市', 0),
(1702, 1692, '吴江市', 0),
(1703, 1692, '太仓市', 0),
(1704, 1643, '宿迁市', 0),
(1705, 1704, '宿城区', 0),
(1706, 1704, '宿豫区', 0),
(1707, 1704, '沭阳县', 0),
(1708, 1704, '泗阳县', 0),
(1709, 1704, '泗洪县', 0),
(1710, 1643, '泰州市', 0),
(1711, 1710, '海陵区', 0),
(1712, 1710, '高港区', 0),
(1713, 1710, '兴化市', 0),
(1714, 1710, '靖江市', 0),
(1715, 1710, '泰兴市', 0),
(1716, 1710, '姜堰市', 0),
(1717, 1643, '无锡市', 0),
(1718, 1717, '崇安区', 0),
(1719, 1717, '南长区', 0),
(1720, 1717, '北塘区', 0),
(1721, 1717, '锡山区', 0),
(1722, 1717, '惠山区', 0),
(1723, 1717, '滨湖区', 0),
(1724, 1717, '江阴市', 0),
(1725, 1717, '宜兴市', 0),
(1726, 1643, '徐州市', 0),
(1727, 1726, '鼓楼区', 0),
(1728, 1726, '云龙区', 0),
(1729, 1726, '九里区', 0),
(1730, 1726, '贾汪区', 0),
(1731, 1726, '泉山区', 0),
(1732, 1726, '丰县', 0),
(1733, 1726, '沛县', 0),
(1734, 1726, '铜山县', 0),
(1735, 1726, '睢宁县', 0),
(1736, 1726, '新沂市', 0),
(1737, 1726, '邳州市', 0),
(1738, 1643, '盐城市', 0),
(1739, 1738, '亭湖区', 0),
(1740, 1738, '盐都区', 0),
(1741, 1738, '响水县', 0),
(1742, 1738, '滨海县', 0),
(1743, 1738, '阜宁县', 0),
(1744, 1738, '射阳县', 0),
(1745, 1738, '建湖县', 0),
(1746, 1738, '东台市', 0),
(1747, 1738, '大丰市', 0),
(1748, 1643, '扬州市', 0),
(1749, 1748, '广陵区', 0),
(1750, 1748, '邗江区', 0),
(1751, 1748, '郊区', 0),
(1752, 1748, '宝应县', 0),
(1753, 1748, '仪征市', 0),
(1754, 1748, '高邮市', 0),
(1755, 1748, '江都市', 0),
(1756, 1643, '镇江市', 0),
(1757, 1756, '京口区', 0),
(1758, 1756, '润州区', 0),
(1759, 1756, '丹徒区', 0),
(1760, 1756, '丹阳市', 0),
(1761, 1756, '扬中市', 0),
(1762, 1756, '句容市', 0),
(1763, 0, '江西', 0),
(1764, 1763, '南昌市', 0),
(1765, 1764, '东湖区', 0),
(1766, 1764, '西湖区', 0),
(1767, 1764, '青云谱区', 0),
(1768, 1764, '湾里区', 0),
(1769, 1764, '青山湖区', 0),
(1770, 1764, '南昌县', 0),
(1771, 1764, '新建县', 0),
(1772, 1764, '安义县', 0),
(1773, 1764, '进贤县', 0),
(1774, 1763, '抚州市', 0),
(1775, 1774, '临川区', 0),
(1776, 1774, '南城县', 0),
(1777, 1774, '黎川县', 0),
(1778, 1774, '南丰县', 0),
(1779, 1774, '崇仁县', 0),
(1780, 1774, '乐安县', 0),
(1781, 1774, '宜黄县', 0),
(1782, 1774, '金溪县', 0),
(1783, 1774, '资溪县', 0),
(1784, 1774, '东乡县', 0),
(1785, 1774, '广昌县', 0),
(1786, 1763, '赣州市', 0),
(1787, 1786, '章贡区', 0),
(1788, 1786, '赣县', 0),
(1789, 1786, '信丰县', 0),
(1790, 1786, '大余县', 0),
(1791, 1786, '上犹县', 0),
(1792, 1786, '崇义县', 0),
(1793, 1786, '安远县', 0),
(1794, 1786, '龙南县', 0),
(1795, 1786, '定南县', 0),
(1796, 1786, '全南县', 0),
(1797, 1786, '宁都县', 0),
(1798, 1786, '于都县', 0),
(1799, 1786, '兴国县', 0),
(1800, 1786, '会昌县', 0),
(1801, 1786, '寻乌县', 0),
(1802, 1786, '石城县', 0),
(1803, 1786, '瑞金市', 0),
(1804, 1786, '南康市', 0),
(1805, 1763, '吉安市', 0),
(1806, 1805, '吉州区', 0),
(1807, 1805, '青原区', 0),
(1808, 1805, '吉安县', 0),
(1809, 1805, '吉水县', 0),
(1810, 1805, '峡江县', 0),
(1811, 1805, '新干县', 0),
(1812, 1805, '永丰县', 0),
(1813, 1805, '泰和县', 0),
(1814, 1805, '遂川县', 0),
(1815, 1805, '万安县', 0),
(1816, 1805, '安福县', 0),
(1817, 1805, '永新县', 0),
(1818, 1805, '井冈山市', 0),
(1819, 1763, '景德镇市', 0),
(1820, 1819, '昌江区', 0),
(1821, 1819, '珠山区', 0),
(1822, 1819, '浮梁县', 0);
INSERT INTO `ssyhn_area` (`id`, `parentid`, `name`, `listorder`) VALUES
(1823, 1819, '乐平市', 0),
(1824, 1763, '九江市', 0),
(1825, 1824, '庐山区', 0),
(1826, 1824, '浔阳区', 0),
(1827, 1824, '九江县', 0),
(1828, 1824, '武宁县', 0),
(1829, 1824, '修水县', 0),
(1830, 1824, '永修县', 0),
(1831, 1824, '德安县', 0),
(1832, 1824, '星子县', 0),
(1833, 1824, '都昌县', 0),
(1834, 1824, '湖口县', 0),
(1835, 1824, '彭泽县', 0),
(1836, 1824, '瑞昌市', 0),
(1837, 1763, '萍乡市', 0),
(1838, 1837, '安源区', 0),
(1839, 1837, '湘东区', 0),
(1840, 1837, '莲花县', 0),
(1841, 1837, '上栗县', 0),
(1842, 1837, '芦溪县', 0),
(1843, 1763, '上饶市', 0),
(1844, 1843, '信州区', 0),
(1845, 1843, '上饶县', 0),
(1846, 1843, '广丰县', 0),
(1847, 1843, '玉山县', 0),
(1848, 1843, '铅山县', 0),
(1849, 1843, '横峰县', 0),
(1850, 1843, '弋阳县', 0),
(1851, 1843, '余干县', 0),
(1852, 1843, '鄱阳县', 0),
(1853, 1843, '万年县', 0),
(1854, 1843, '婺源县', 0),
(1855, 1843, '德兴市', 0),
(1856, 1763, '新余市', 0),
(1857, 1856, '渝水区', 0),
(1858, 1856, '分宜县', 0),
(1859, 1763, '宜春市', 0),
(1860, 1859, '袁州区', 0),
(1861, 1859, '奉新县', 0),
(1862, 1859, '万载县', 0),
(1863, 1859, '上高县', 0),
(1864, 1859, '宜丰县', 0),
(1865, 1859, '靖安县', 0),
(1866, 1859, '铜鼓县', 0),
(1867, 1859, '丰城市', 0),
(1868, 1859, '樟树市', 0),
(1869, 1859, '高安市', 0),
(1870, 1763, '鹰潭市', 0),
(1871, 1870, '月湖区', 0),
(1872, 1870, '余江县', 0),
(1873, 1870, '贵溪市', 0),
(1874, 0, '辽宁', 0),
(1875, 1874, '沈阳市', 0),
(1876, 1875, '和平区', 0),
(1877, 1875, '沈河区', 0),
(1878, 1875, '大东区', 0),
(1879, 1875, '皇姑区', 0),
(1880, 1875, '铁西区', 0),
(1881, 1875, '苏家屯区', 0),
(1882, 1875, '东陵区', 0),
(1883, 1875, '新城子区', 0),
(1884, 1875, '于洪区', 0),
(1885, 1875, '辽中县', 0),
(1886, 1875, '康平县', 0),
(1887, 1875, '法库县', 0),
(1888, 1875, '新民市', 0),
(1889, 1874, '鞍山市', 0),
(1890, 1889, '铁东区', 0),
(1891, 1889, '铁西区', 0),
(1892, 1889, '立山区', 0),
(1893, 1889, '千山区', 0),
(1894, 1889, '台安县', 0),
(1895, 1889, '岫岩满族自治县', 0),
(1896, 1889, '海城市', 0),
(1897, 1874, '本溪市', 0),
(1898, 1897, '平山区', 0),
(1899, 1897, '溪湖区', 0),
(1900, 1897, '明山区', 0),
(1901, 1897, '南芬区', 0),
(1902, 1897, '本溪满族自治县', 0),
(1903, 1897, '桓仁满族自治县', 0),
(1904, 1874, '朝阳市', 0),
(1905, 1904, '双塔区', 0),
(1906, 1904, '龙城区', 0),
(1907, 1904, '朝阳县', 0),
(1908, 1904, '建平县', 0),
(1909, 1904, '喀喇沁左翼蒙古族自治县', 0),
(1910, 1904, '北票市', 0),
(1911, 1904, '凌源市', 0),
(1912, 1874, '大连市', 0),
(1913, 1912, '中山区', 0),
(1914, 1912, '西岗区', 0),
(1915, 1912, '沙河口区', 0),
(1916, 1912, '甘井子区', 0),
(1917, 1912, '旅顺口区', 0),
(1918, 1912, '金州区', 0),
(1919, 1912, '长海县', 0),
(1920, 1912, '瓦房店市', 0),
(1921, 1912, '普兰店市', 0),
(1922, 1912, '庄河市', 0),
(1923, 1874, '丹东市', 0),
(1924, 1923, '元宝区', 0),
(1925, 1923, '振兴区', 0),
(1926, 1923, '振安区', 0),
(1927, 1923, '宽甸满族自治县', 0),
(1928, 1923, '东港市', 0),
(1929, 1923, '凤城市', 0),
(1930, 1874, '抚顺市', 0),
(1931, 1930, '新抚区', 0),
(1932, 1930, '东洲区', 0),
(1933, 1930, '望花区', 0),
(1934, 1930, '顺城区', 0),
(1935, 1930, '抚顺县', 0),
(1936, 1930, '新宾满族自治县', 0),
(1937, 1930, '清原满族自治县', 0),
(1938, 1874, '阜新市', 0),
(1939, 1938, '海州区', 0),
(1940, 1938, '新邱区', 0),
(1941, 1938, '太平区', 0),
(1942, 1938, '清河门区', 0),
(1943, 1938, '细河区', 0),
(1944, 1938, '阜新蒙古族自治县', 0),
(1945, 1938, '彰武县', 0),
(1946, 1874, '葫芦岛市', 0),
(1947, 1946, '连山区', 0),
(1948, 1946, '龙港区', 0),
(1949, 1946, '南票区', 0),
(1950, 1946, '绥中县', 0),
(1951, 1946, '建昌县', 0),
(1952, 1946, '兴城市', 0),
(1953, 1874, '锦州市', 0),
(1954, 1953, '古塔区', 0),
(1955, 1953, '凌河区', 0),
(1956, 1953, '太和区', 0),
(1957, 1953, '黑山县', 0),
(1958, 1953, '义县', 0),
(1959, 1953, '凌海市', 0),
(1960, 1953, '北宁市', 0),
(1961, 1874, '辽阳市', 0),
(1962, 1961, '白塔区', 0),
(1963, 1961, '文圣区', 0),
(1964, 1961, '宏伟区', 0),
(1965, 1961, '弓长岭区', 0),
(1966, 1961, '太子河区', 0),
(1967, 1961, '辽阳县', 0),
(1968, 1961, '灯塔市', 0),
(1969, 1874, '盘锦市', 0),
(1970, 1969, '双台子区', 0),
(1971, 1969, '兴隆台区', 0),
(1972, 1969, '大洼县', 0),
(1973, 1969, '盘山县', 0),
(1974, 1874, '铁岭市', 0),
(1975, 1974, '银州区', 0),
(1976, 1974, '清河区', 0),
(1977, 1974, '铁岭县', 0),
(1978, 1974, '西丰县', 0),
(1979, 1974, '昌图县', 0),
(1980, 1974, '调兵山市', 0),
(1981, 1974, '开原市', 0),
(1982, 1874, '营口市', 0),
(1983, 1982, '站前区', 0),
(1984, 1982, '西市区', 0),
(1985, 1982, '鲅鱼圈区', 0),
(1986, 1982, '老边区', 0),
(1987, 1982, '盖州市', 0),
(1988, 1982, '大石桥市', 0),
(1989, 0, '内蒙古', 0),
(1990, 1989, '呼和浩特市', 0),
(1991, 1990, '新城区', 0),
(1992, 1990, '回民区', 0),
(1993, 1990, '玉泉区', 0),
(1994, 1990, '赛罕区', 0),
(1995, 1990, '土默特左旗', 0),
(1996, 1990, '托克托县', 0),
(1997, 1990, '和林格尔县', 0),
(1998, 1990, '清水河县', 0),
(1999, 1990, '武川县', 0),
(2000, 1989, '阿拉善盟', 0),
(2001, 2000, '阿拉善左旗', 0),
(2002, 2000, '阿拉善右旗', 0),
(2003, 2000, '额济纳旗', 0),
(2004, 1989, '巴彦淖尔市', 0),
(2005, 2004, '临河区', 0),
(2006, 2004, '五原县', 0),
(2007, 2004, '磴口县', 0),
(2008, 2004, '乌拉特前旗', 0),
(2009, 2004, '乌拉特中旗', 0),
(2010, 2004, '乌拉特后旗', 0),
(2011, 2004, '杭锦后旗', 0),
(2012, 1989, '包头市', 0),
(2013, 2012, '东河区', 0),
(2014, 2012, '昆都仑区', 0),
(2015, 2012, '青山区', 0),
(2016, 2012, '石拐区', 0),
(2017, 2012, '白云矿区', 0),
(2018, 2012, '九原区', 0),
(2019, 2012, '土默特右旗', 0),
(2020, 2012, '固阳县', 0),
(2021, 2012, '达尔罕茂明安联合旗', 0),
(2022, 1989, '赤峰市', 0),
(2023, 2022, '红山区', 0),
(2024, 2022, '元宝山区', 0),
(2025, 2022, '松山区', 0),
(2026, 2022, '阿鲁科尔沁旗', 0),
(2027, 2022, '巴林左旗', 0),
(2028, 2022, '巴林右旗', 0),
(2029, 2022, '林西县', 0),
(2030, 2022, '克什克腾旗', 0),
(2031, 2022, '翁牛特旗', 0),
(2032, 2022, '喀喇沁旗', 0),
(2033, 2022, '宁城县', 0),
(2034, 2022, '敖汉旗', 0),
(2035, 1989, '鄂尔多斯市', 0),
(2036, 2035, '东胜区', 0),
(2037, 2035, '达拉特旗', 0),
(2038, 2035, '准格尔旗', 0),
(2039, 2035, '鄂托克前旗', 0),
(2040, 2035, '鄂托克旗', 0),
(2041, 2035, '杭锦旗', 0),
(2042, 2035, '乌审旗', 0),
(2043, 2035, '伊金霍洛旗', 0),
(2044, 1989, '呼伦贝尔市', 0),
(2045, 2044, '海拉尔区', 0),
(2046, 2044, '阿荣旗', 0),
(2047, 2044, '莫力达瓦达斡尔族自治旗', 0),
(2048, 2044, '鄂伦春自治旗', 0),
(2049, 2044, '鄂温克族自治旗', 0),
(2050, 2044, '陈巴尔虎旗', 0),
(2051, 2044, '新巴尔虎左旗', 0),
(2052, 2044, '新巴尔虎右旗', 0),
(2053, 2044, '满洲里市', 0),
(2054, 2044, '牙克石市', 0),
(2055, 2044, '扎兰屯市', 0),
(2056, 2044, '额尔古纳市', 0),
(2057, 2044, '根河市', 0),
(2058, 1989, '通辽市', 0),
(2059, 2058, '科尔沁区', 0),
(2060, 2058, '科尔沁左翼中旗', 0),
(2061, 2058, '科尔沁左翼后旗', 0),
(2062, 2058, '开鲁县', 0),
(2063, 2058, '库伦旗', 0),
(2064, 2058, '奈曼旗', 0),
(2065, 2058, '扎鲁特旗', 0),
(2066, 2058, '霍林郭勒市', 0),
(2067, 1989, '乌海市', 0),
(2068, 2067, '海勃湾区', 0),
(2069, 2067, '海南区', 0),
(2070, 2067, '乌达区', 0),
(2071, 1989, '乌兰察布市', 0),
(2072, 2071, '集宁区', 0),
(2073, 2071, '卓资县', 0),
(2074, 2071, '化德县', 0),
(2075, 2071, '商都县', 0),
(2076, 2071, '兴和县', 0),
(2077, 2071, '凉城县', 0),
(2078, 2071, '察哈尔右翼前旗', 0),
(2079, 2071, '察哈尔右翼中旗', 0),
(2080, 2071, '察哈尔右翼后旗', 0),
(2081, 2071, '四子王旗', 0),
(2082, 2071, '丰镇市', 0),
(2083, 1989, '锡林郭勒盟', 0),
(2084, 2083, '二连浩特市', 0),
(2085, 2083, '锡林浩特市', 0),
(2086, 2083, '阿巴嘎旗', 0),
(2087, 2083, '苏尼特左旗', 0),
(2088, 2083, '苏尼特右旗', 0),
(2089, 2083, '东乌珠穆沁旗', 0),
(2090, 2083, '西乌珠穆沁旗', 0),
(2091, 2083, '太仆寺旗', 0),
(2092, 2083, '镶黄旗', 0),
(2093, 2083, '正镶白旗', 0),
(2094, 2083, '正蓝旗', 0),
(2095, 2083, '多伦县', 0),
(2096, 1989, '兴安盟', 0),
(2097, 2096, '乌兰浩特市', 0),
(2098, 2096, '阿尔山市', 0),
(2099, 2096, '科尔沁右翼前旗', 0),
(2100, 2096, '科尔沁右翼中旗', 0),
(2101, 2096, '扎赉特旗', 0),
(2102, 2096, '突泉县', 0),
(2103, 0, '宁夏', 0),
(2104, 2103, '银川市', 0),
(2105, 2104, '兴庆区', 0),
(2106, 2104, '西夏区', 0),
(2107, 2104, '金凤区', 0),
(2108, 2104, '永宁县', 0),
(2109, 2104, '贺兰县', 0),
(2110, 2104, '灵武市', 0),
(2111, 2103, '固原市', 0),
(2112, 2111, '原州区', 0),
(2113, 2111, '西吉县', 0),
(2114, 2111, '隆德县', 0),
(2115, 2111, '泾源县', 0),
(2116, 2111, '彭阳县', 0),
(2117, 2103, '石嘴山市', 0),
(2118, 2117, '大武口区', 0),
(2119, 2117, '惠农区', 0),
(2120, 2117, '平罗县', 0),
(2121, 2103, '吴忠市', 0),
(2122, 2121, '利通区', 0),
(2123, 2121, '盐池县', 0),
(2124, 2121, '同心县', 0),
(2125, 2121, '青铜峡市', 0),
(2126, 2103, '中卫市', 0),
(2127, 2126, '沙坡头区', 0),
(2128, 2126, '中宁县', 0),
(2129, 2126, '海原县', 0),
(2130, 0, '青海', 0),
(2131, 2130, '西宁市', 0),
(2132, 2131, '城东区', 0),
(2133, 2131, '城中区', 0),
(2134, 2131, '城西区', 0),
(2135, 2131, '城北区', 0),
(2136, 2131, '大通回族土族自治县', 0),
(2137, 2131, '湟中县', 0),
(2138, 2131, '湟源县', 0),
(2139, 2130, '果洛藏族自治州', 0),
(2140, 2139, '玛沁县', 0),
(2141, 2139, '班玛县', 0),
(2142, 2139, '甘德县', 0),
(2143, 2139, '达日县', 0),
(2144, 2139, '久治县', 0),
(2145, 2139, '玛多县', 0),
(2146, 2130, '海北藏族自治州', 0),
(2147, 2146, '门源回族自治县', 0),
(2148, 2146, '祁连县', 0),
(2149, 2146, '海晏县', 0),
(2150, 2146, '刚察县', 0),
(2151, 2130, '海东地区', 0),
(2152, 2151, '平安县', 0),
(2153, 2151, '民和回族土族自治县', 0),
(2154, 2151, '乐都县', 0),
(2155, 2151, '互助土族自治县', 0),
(2156, 2151, '化隆回族自治县', 0),
(2157, 2151, '循化撒拉族自治县', 0),
(2158, 2130, '海南藏族自治州', 0),
(2159, 2158, '共和县', 0),
(2160, 2158, '同德县', 0),
(2161, 2158, '贵德县', 0),
(2162, 2158, '兴海县', 0),
(2163, 2158, '贵南县', 0),
(2164, 2130, '海西蒙古族藏族自治州', 0),
(2165, 2164, '格尔木市', 0),
(2166, 2164, '德令哈市', 0),
(2167, 2164, '乌兰县', 0),
(2168, 2164, '都兰县', 0),
(2169, 2164, '天峻县', 0),
(2170, 2130, '黄南藏族自治州', 0),
(2171, 2170, '同仁县', 0),
(2172, 2170, '尖扎县', 0),
(2173, 2170, '泽库县', 0),
(2174, 2170, '河南蒙古族自治县', 0),
(2175, 2130, '玉树藏族自治州', 0),
(2176, 2175, '玉树县', 0),
(2177, 2175, '杂多县', 0),
(2178, 2175, '称多县', 0),
(2179, 2175, '治多县', 0),
(2180, 2175, '囊谦县', 0),
(2181, 2175, '曲麻莱县', 0),
(2182, 0, '山东', 0),
(2183, 2182, '济南市', 0),
(2184, 2183, '历下区', 0),
(2185, 2183, '市中区', 0),
(2186, 2183, '槐荫区', 0),
(2187, 2183, '天桥区', 0),
(2188, 2183, '历城区', 0),
(2189, 2183, '长清区', 0),
(2190, 2183, '平阴县', 0),
(2191, 2183, '济阳县', 0),
(2192, 2183, '商河县', 0),
(2193, 2183, '章丘市', 0),
(2194, 2182, '滨州市', 0),
(2195, 2194, '滨城区', 0),
(2196, 2194, '惠民县', 0),
(2197, 2194, '阳信县', 0),
(2198, 2194, '无棣县', 0),
(2199, 2194, '沾化县', 0),
(2200, 2194, '博兴县', 0),
(2201, 2194, '邹平县', 0),
(2202, 2182, '德州市', 0),
(2203, 2202, '德城区', 0),
(2204, 2202, '陵县', 0),
(2205, 2202, '宁津县', 0),
(2206, 2202, '庆云县', 0),
(2207, 2202, '临邑县', 0),
(2208, 2202, '齐河县', 0),
(2209, 2202, '平原县', 0),
(2210, 2202, '夏津县', 0),
(2211, 2202, '武城县', 0),
(2212, 2202, '乐陵市', 0),
(2213, 2202, '禹城市', 0),
(2214, 2182, '东营市', 0),
(2215, 2214, '东营区', 0),
(2216, 2214, '河口区', 0),
(2217, 2214, '垦利县', 0),
(2218, 2214, '利津县', 0),
(2219, 2214, '广饶县', 0),
(2220, 2182, '菏泽市', 0),
(2221, 2220, '牡丹区', 0),
(2222, 2220, '曹县', 0),
(2223, 2220, '单县', 0),
(2224, 2220, '成武县', 0),
(2225, 2220, '巨野县', 0),
(2226, 2220, '郓城县', 0),
(2227, 2220, '鄄城县', 0),
(2228, 2220, '定陶县', 0),
(2229, 2220, '东明县', 0),
(2230, 2182, '济宁市', 0),
(2231, 2230, '市中区', 0),
(2232, 2230, '任城区', 0),
(2233, 2230, '微山县', 0),
(2234, 2230, '鱼台县', 0),
(2235, 2230, '金乡县', 0),
(2236, 2230, '嘉祥县', 0),
(2237, 2230, '汶上县', 0),
(2238, 2230, '泗水县', 0),
(2239, 2230, '梁山县', 0),
(2240, 2230, '曲阜市', 0),
(2241, 2230, '兖州市', 0),
(2242, 2230, '邹城市', 0),
(2243, 2182, '莱芜市', 0),
(2244, 2243, '莱城区', 0),
(2245, 2243, '钢城区', 0),
(2246, 2182, '聊城市', 0),
(2247, 2246, '东昌府区', 0),
(2248, 2246, '阳谷县', 0),
(2249, 2246, '莘县', 0),
(2250, 2246, '茌平县', 0),
(2251, 2246, '东阿县', 0),
(2252, 2246, '冠县', 0),
(2253, 2246, '高唐县', 0),
(2254, 2246, '临清市', 0),
(2255, 2182, '临沂市', 0),
(2256, 2255, '兰山区', 0),
(2257, 2255, '罗庄区', 0),
(2258, 2255, '河东区', 0),
(2259, 2255, '沂南县', 0),
(2260, 2255, '郯城县', 0),
(2261, 2255, '沂水县', 0),
(2262, 2255, '苍山县', 0),
(2263, 2255, '费县', 0),
(2264, 2255, '平邑县', 0),
(2265, 2255, '莒南县', 0),
(2266, 2255, '蒙阴县', 0),
(2267, 2255, '临沭县', 0),
(2268, 2182, '青岛市', 0),
(2269, 2268, '市南区', 0),
(2270, 2268, '市北区', 0),
(2271, 2268, '四方区', 0),
(2272, 2268, '黄岛区', 0),
(2273, 2268, '崂山区', 0),
(2274, 2268, '李沧区', 0),
(2275, 2268, '城阳区', 0),
(2276, 2268, '胶州市', 0),
(2277, 2268, '即墨市', 0),
(2278, 2268, '平度市', 0),
(2279, 2268, '胶南市', 0),
(2280, 2268, '莱西市', 0),
(2281, 2182, '日照市', 0),
(2282, 2281, '东港区', 0),
(2283, 2281, '岚山区', 0),
(2284, 2281, '五莲县', 0),
(2285, 2281, '莒县', 0),
(2286, 2182, '泰安市', 0),
(2287, 2286, '泰山区', 0),
(2288, 2286, '岱岳区', 0),
(2289, 2286, '宁阳县', 0),
(2290, 2286, '东平县', 0),
(2291, 2286, '新泰市', 0),
(2292, 2286, '肥城市', 0),
(2293, 2182, '威海市', 0),
(2294, 2293, '环翠区', 0),
(2295, 2293, '文登市', 0),
(2296, 2293, '荣成市', 0),
(2297, 2293, '乳山市', 0),
(2298, 2182, '潍坊市', 0),
(2299, 2298, '潍城区', 0),
(2300, 2298, '寒亭区', 0),
(2301, 2298, '坊子区', 0),
(2302, 2298, '奎文区', 0),
(2303, 2298, '临朐县', 0),
(2304, 2298, '昌乐县', 0),
(2305, 2298, '青州市', 0),
(2306, 2298, '诸城市', 0),
(2307, 2298, '寿光市', 0),
(2308, 2298, '安丘市', 0),
(2309, 2298, '高密市', 0),
(2310, 2298, '昌邑市', 0),
(2311, 2182, '烟台市', 0),
(2312, 2311, '芝罘区', 0),
(2313, 2311, '福山区', 0),
(2314, 2311, '牟平区', 0),
(2315, 2311, '莱山区', 0),
(2316, 2311, '长岛县', 0),
(2317, 2311, '龙口市', 0),
(2318, 2311, '莱阳市', 0),
(2319, 2311, '莱州市', 0),
(2320, 2311, '蓬莱市', 0),
(2321, 2311, '招远市', 0),
(2322, 2311, '栖霞市', 0),
(2323, 2311, '海阳市', 0),
(2324, 2182, '枣庄市', 0),
(2325, 2324, '市中区', 0),
(2326, 2324, '薛城区', 0),
(2327, 2324, '峄城区', 0),
(2328, 2324, '台儿庄区', 0),
(2329, 2324, '山亭区', 0),
(2330, 2324, '滕州市', 0),
(2331, 2182, '淄博市', 0),
(2332, 2331, '淄川区', 0),
(2333, 2331, '张店区', 0),
(2334, 2331, '博山区', 0),
(2335, 2331, '临淄区', 0),
(2336, 2331, '周村区', 0),
(2337, 2331, '桓台县', 0),
(2338, 2331, '高青县', 0),
(2339, 2331, '沂源县', 0),
(2340, 0, '山西', 0),
(2341, 2340, '太原市', 0),
(2342, 2341, '小店区', 0),
(2343, 2341, '迎泽区', 0),
(2344, 2341, '杏花岭区', 0),
(2345, 2341, '尖草坪区', 0),
(2346, 2341, '万柏林区', 0),
(2347, 2341, '晋源区', 0),
(2348, 2341, '清徐县', 0),
(2349, 2341, '阳曲县', 0),
(2350, 2341, '娄烦县', 0),
(2351, 2341, '古交市', 0),
(2352, 2340, '长治市', 0),
(2353, 2352, '城区', 0),
(2354, 2352, '郊区', 0),
(2355, 2352, '长治县', 0),
(2356, 2352, '襄垣县', 0),
(2357, 2352, '屯留县', 0),
(2358, 2352, '平顺县', 0),
(2359, 2352, '黎城县', 0),
(2360, 2352, '壶关县', 0),
(2361, 2352, '长子县', 0),
(2362, 2352, '武乡县', 0),
(2363, 2352, '沁县', 0),
(2364, 2352, '沁源县', 0),
(2365, 2352, '潞城市', 0),
(2366, 2340, '大同市', 0),
(2367, 2366, '城区', 0),
(2368, 2366, '矿区', 0),
(2369, 2366, '南郊区', 0),
(2370, 2366, '新荣区', 0),
(2371, 2366, '阳高县', 0),
(2372, 2366, '天镇县', 0),
(2373, 2366, '广灵县', 0),
(2374, 2366, '灵丘县', 0),
(2375, 2366, '浑源县', 0),
(2376, 2366, '左云县', 0),
(2377, 2366, '大同县', 0),
(2378, 2340, '晋城市', 0),
(2379, 2378, '城区', 0),
(2380, 2378, '沁水县', 0),
(2381, 2378, '阳城县', 0),
(2382, 2378, '陵川县', 0),
(2383, 2378, '泽州县', 0),
(2384, 2378, '高平市', 0),
(2385, 2340, '晋中市', 0),
(2386, 2385, '榆次区', 0),
(2387, 2385, '榆社县', 0),
(2388, 2385, '左权县', 0),
(2389, 2385, '和顺县', 0),
(2390, 2385, '昔阳县', 0),
(2391, 2385, '寿阳县', 0),
(2392, 2385, '太谷县', 0),
(2393, 2385, '祁县', 0),
(2394, 2385, '平遥县', 0),
(2395, 2385, '灵石县', 0),
(2396, 2385, '介休市', 0),
(2397, 2340, '临汾市', 0),
(2398, 2397, '尧都区', 0),
(2399, 2397, '曲沃县', 0),
(2400, 2397, '翼城县', 0),
(2401, 2397, '襄汾县', 0),
(2402, 2397, '洪洞县', 0),
(2403, 2397, '古县', 0),
(2404, 2397, '安泽县', 0),
(2405, 2397, '浮山县', 0),
(2406, 2397, '吉县', 0),
(2407, 2397, '乡宁县', 0),
(2408, 2397, '大宁县', 0),
(2409, 2397, '隰县', 0),
(2410, 2397, '永和县', 0),
(2411, 2397, '蒲县', 0),
(2412, 2397, '汾西县', 0),
(2413, 2397, '侯马市', 0),
(2414, 2397, '霍州市', 0),
(2415, 2340, '吕梁市', 0),
(2416, 2415, '离石区', 0),
(2417, 2415, '文水县', 0),
(2418, 2415, '交城县', 0),
(2419, 2415, '兴县', 0),
(2420, 2415, '临县', 0),
(2421, 2415, '柳林县', 0),
(2422, 2415, '石楼县', 0),
(2423, 2415, '岚县', 0),
(2424, 2415, '方山县', 0),
(2425, 2415, '中阳县', 0),
(2426, 2415, '交口县', 0),
(2427, 2415, '孝义市', 0),
(2428, 2415, '汾阳市', 0),
(2429, 2340, '朔州市', 0),
(2430, 2429, '朔城区', 0),
(2431, 2429, '平鲁区', 0),
(2432, 2429, '山阴县', 0),
(2433, 2429, '应县', 0),
(2434, 2429, '右玉县', 0),
(2435, 2429, '怀仁县', 0),
(2436, 2340, '忻州市', 0),
(2437, 2436, '忻府区', 0),
(2438, 2436, '定襄县', 0),
(2439, 2436, '五台县', 0),
(2440, 2436, '代县', 0),
(2441, 2436, '繁峙县', 0),
(2442, 2436, '宁武县', 0),
(2443, 2436, '静乐县', 0),
(2444, 2436, '神池县', 0),
(2445, 2436, '五寨县', 0),
(2446, 2436, '岢岚县', 0),
(2447, 2436, '河曲县', 0),
(2448, 2436, '保德县', 0),
(2449, 2436, '偏关县', 0),
(2450, 2436, '原平市', 0),
(2451, 2340, '阳泉市', 0),
(2452, 2451, '城区', 0),
(2453, 2451, '矿区', 0),
(2454, 2451, '郊区', 0),
(2455, 2451, '平定县', 0),
(2456, 2451, '盂县', 0),
(2457, 2340, '运城市', 0),
(2458, 2457, '盐湖区', 0),
(2459, 2457, '临猗县', 0),
(2460, 2457, '万荣县', 0),
(2461, 2457, '闻喜县', 0),
(2462, 2457, '稷山县', 0),
(2463, 2457, '新绛县', 0),
(2464, 2457, '绛县', 0),
(2465, 2457, '垣曲县', 0),
(2466, 2457, '夏县', 0),
(2467, 2457, '平陆县', 0),
(2468, 2457, '芮城县', 0),
(2469, 2457, '永济市', 0),
(2470, 2457, '河津市', 0),
(2471, 0, '陕西', 0),
(2472, 2471, '西安市', 0),
(2473, 2472, '新城区', 0),
(2474, 2472, '碑林区', 0),
(2475, 2472, '莲湖区', 0),
(2476, 2472, '灞桥区', 0),
(2477, 2472, '未央区', 0),
(2478, 2472, '雁塔区', 0),
(2479, 2472, '阎良区', 0),
(2480, 2472, '临潼区', 0),
(2481, 2472, '长安区', 0),
(2482, 2472, '蓝田县', 0),
(2483, 2472, '周至县', 0),
(2484, 2472, '户县', 0),
(2485, 2472, '高陵县', 0),
(2486, 2471, '安康市', 0),
(2487, 2486, '汉滨区', 0),
(2488, 2486, '汉阴县', 0),
(2489, 2486, '石泉县', 0),
(2490, 2486, '宁陕县', 0),
(2491, 2486, '紫阳县', 0),
(2492, 2486, '岚皋县', 0),
(2493, 2486, '平利县', 0),
(2494, 2486, '镇坪县', 0),
(2495, 2486, '旬阳县', 0),
(2496, 2486, '白河县', 0),
(2497, 2471, '宝鸡市', 0),
(2498, 2497, '渭滨区', 0),
(2499, 2497, '金台区', 0),
(2500, 2497, '陈仓区', 0),
(2501, 2497, '凤翔县', 0),
(2502, 2497, '岐山县', 0),
(2503, 2497, '扶风县', 0),
(2504, 2497, '眉县', 0),
(2505, 2497, '陇县', 0),
(2506, 2497, '千阳县', 0),
(2507, 2497, '麟游县', 0),
(2508, 2497, '凤县', 0),
(2509, 2497, '太白县', 0),
(2510, 2471, '汉中市', 0),
(2511, 2510, '汉台区', 0),
(2512, 2510, '南郑县', 0),
(2513, 2510, '城固县', 0),
(2514, 2510, '洋县', 0),
(2515, 2510, '西乡县', 0),
(2516, 2510, '勉县', 0),
(2517, 2510, '宁强县', 0),
(2518, 2510, '略阳县', 0),
(2519, 2510, '镇巴县', 0),
(2520, 2510, '留坝县', 0),
(2521, 2510, '佛坪县', 0),
(2522, 2471, '商洛市', 0),
(2523, 2522, '商州区', 0),
(2524, 2522, '洛南县', 0),
(2525, 2522, '丹凤县', 0),
(2526, 2522, '商南县', 0),
(2527, 2522, '山阳县', 0),
(2528, 2522, '镇安县', 0),
(2529, 2522, '柞水县', 0),
(2530, 2471, '铜川市', 0),
(2531, 2530, '王益区', 0),
(2532, 2530, '印台区', 0),
(2533, 2530, '耀州区', 0),
(2534, 2530, '宜君县', 0),
(2535, 2471, '渭南市', 0),
(2536, 2535, '临渭区', 0),
(2537, 2535, '华县', 0),
(2538, 2535, '潼关县', 0),
(2539, 2535, '大荔县', 0),
(2540, 2535, '合阳县', 0),
(2541, 2535, '澄城县', 0),
(2542, 2535, '蒲城县', 0),
(2543, 2535, '白水县', 0),
(2544, 2535, '富平县', 0),
(2545, 2535, '韩城市', 0),
(2546, 2535, '华阴市', 0),
(2547, 2471, '咸阳市', 0),
(2548, 2547, '秦都区', 0),
(2549, 2547, '杨凌区', 0),
(2550, 2547, '渭城区', 0),
(2551, 2547, '三原县', 0),
(2552, 2547, '泾阳县', 0),
(2553, 2547, '乾县', 0),
(2554, 2547, '礼泉县', 0),
(2555, 2547, '永寿县', 0),
(2556, 2547, '彬县', 0),
(2557, 2547, '长武县', 0),
(2558, 2547, '旬邑县', 0),
(2559, 2547, '淳化县', 0),
(2560, 2547, '武功县', 0),
(2561, 2547, '兴平市', 0),
(2562, 2471, '延安市', 0),
(2563, 2562, '宝塔区', 0),
(2564, 2562, '延长县', 0),
(2565, 2562, '延川县', 0),
(2566, 2562, '子长县', 0),
(2567, 2562, '安塞县', 0),
(2568, 2562, '志丹县', 0),
(2569, 2562, '吴旗县', 0),
(2570, 2562, '甘泉县', 0),
(2571, 2562, '富县', 0),
(2572, 2562, '洛川县', 0),
(2573, 2562, '宜川县', 0),
(2574, 2562, '黄龙县', 0),
(2575, 2562, '黄陵县', 0),
(2576, 2471, '榆林市', 0),
(2577, 2576, '榆阳区', 0),
(2578, 2576, '神木县', 0),
(2579, 2576, '府谷县', 0),
(2580, 2576, '横山县', 0),
(2581, 2576, '靖边县', 0),
(2582, 2576, '定边县', 0),
(2583, 2576, '绥德县', 0),
(2584, 2576, '米脂县', 0),
(2585, 2576, '佳县', 0),
(2586, 2576, '吴堡县', 0),
(2587, 2576, '清涧县', 0),
(2588, 2576, '子洲县', 0),
(2589, 0, '四川', 0),
(2590, 2589, '成都市', 0),
(2591, 2590, '锦江区', 0),
(2592, 2590, '青羊区', 0),
(2593, 2590, '金牛区', 0),
(2594, 2590, '武侯区', 0),
(2595, 2590, '成华区', 0),
(2596, 2590, '龙泉驿区', 0),
(2597, 2590, '青白江区', 0),
(2598, 2590, '新都区', 0),
(2599, 2590, '温江区', 0),
(2600, 2590, '金堂县', 0),
(2601, 2590, '双流县', 0),
(2602, 2590, '郫县', 0),
(2603, 2590, '大邑县', 0),
(2604, 2590, '蒲江县', 0),
(2605, 2590, '新津县', 0),
(2606, 2590, '都江堰市', 0),
(2607, 2590, '彭州市', 0),
(2608, 2590, '邛崃市', 0),
(2609, 2590, '崇州市', 0),
(2610, 2589, '阿坝藏族羌族自治州', 0),
(2611, 2610, '汶川县', 0),
(2612, 2610, '理县', 0),
(2613, 2610, '茂县', 0),
(2614, 2610, '松潘县', 0),
(2615, 2610, '九寨沟县', 0),
(2616, 2610, '金川县', 0),
(2617, 2610, '小金县', 0),
(2618, 2610, '黑水县', 0),
(2619, 2610, '马尔康县', 0),
(2620, 2610, '壤塘县', 0),
(2621, 2610, '阿坝县', 0),
(2622, 2610, '若尔盖县', 0),
(2623, 2610, '红原县', 0),
(2624, 2589, '巴中市', 0),
(2625, 2624, '巴州区', 0),
(2626, 2624, '通江县', 0),
(2627, 2624, '南江县', 0),
(2628, 2624, '平昌县', 0),
(2629, 2589, '达州市', 0),
(2630, 2629, '通川区', 0),
(2631, 2629, '达县', 0),
(2632, 2629, '宣汉县', 0),
(2633, 2629, '开江县', 0),
(2634, 2629, '大竹县', 0),
(2635, 2629, '渠县', 0),
(2636, 2629, '万源市', 0),
(2637, 2589, '德阳市', 0),
(2638, 2637, '旌阳区', 0),
(2639, 2637, '中江县', 0),
(2640, 2637, '罗江县', 0),
(2641, 2637, '广汉市', 0),
(2642, 2637, '什邡市', 0),
(2643, 2637, '绵竹市', 0),
(2644, 2589, '甘孜藏族自治州', 0),
(2645, 2644, '康定县', 0),
(2646, 2644, '泸定县', 0),
(2647, 2644, '丹巴县', 0),
(2648, 2644, '九龙县', 0),
(2649, 2644, '雅江县', 0),
(2650, 2644, '道孚县', 0),
(2651, 2644, '炉霍县', 0),
(2652, 2644, '甘孜县', 0),
(2653, 2644, '新龙县', 0),
(2654, 2644, '德格县', 0),
(2655, 2644, '白玉县', 0),
(2656, 2644, '石渠县', 0),
(2657, 2644, '色达县', 0),
(2658, 2644, '理塘县', 0),
(2659, 2644, '巴塘县', 0),
(2660, 2644, '乡城县', 0),
(2661, 2644, '稻城县', 0),
(2662, 2644, '得荣县', 0),
(2663, 2589, '广安市', 0),
(2664, 2663, '广安区', 0),
(2665, 2663, '岳池县', 0),
(2666, 2663, '武胜县', 0),
(2667, 2663, '邻水县', 0),
(2668, 2663, '华莹市', 0),
(2669, 2589, '广元市', 0),
(2670, 2669, '市中区', 0),
(2671, 2669, '元坝区', 0),
(2672, 2669, '朝天区', 0),
(2673, 2669, '旺苍县', 0),
(2674, 2669, '青川县', 0),
(2675, 2669, '剑阁县', 0),
(2676, 2669, '苍溪县', 0),
(2677, 2589, '乐山市', 0),
(2678, 2677, '市中区', 0),
(2679, 2677, '沙湾区', 0),
(2680, 2677, '五通桥区', 0),
(2681, 2677, '金口河区', 0),
(2682, 2677, '犍为县', 0),
(2683, 2677, '井研县', 0),
(2684, 2677, '夹江县', 0),
(2685, 2677, '沐川县', 0),
(2686, 2677, '峨边彝族自治县', 0),
(2687, 2677, '马边彝族自治县', 0),
(2688, 2677, '峨眉山市', 0),
(2689, 2589, '凉山彝族自治州', 0),
(2690, 2689, '西昌市', 0),
(2691, 2689, '木里藏族自治县', 0),
(2692, 2689, '盐源县', 0),
(2693, 2689, '德昌县', 0),
(2694, 2689, '会理县', 0),
(2695, 2689, '会东县', 0),
(2696, 2689, '宁南县', 0),
(2697, 2689, '普格县', 0),
(2698, 2689, '布拖县', 0),
(2699, 2689, '金阳县', 0),
(2700, 2689, '昭觉县', 0),
(2701, 2689, '喜德县', 0),
(2702, 2689, '冕宁县', 0),
(2703, 2689, '越西县', 0),
(2704, 2689, '甘洛县', 0),
(2705, 2689, '美姑县', 0),
(2706, 2689, '雷波县', 0),
(2707, 2589, '泸州市', 0),
(2708, 2707, '江阳区', 0),
(2709, 2707, '纳溪区', 0),
(2710, 2707, '龙马潭区', 0),
(2711, 2707, '泸县', 0),
(2712, 2707, '合江县', 0),
(2713, 2707, '叙永县', 0),
(2714, 2707, '古蔺县', 0),
(2715, 2589, '眉山市', 0),
(2716, 2715, '东坡区', 0),
(2717, 2715, '仁寿县', 0),
(2718, 2715, '彭山县', 0),
(2719, 2715, '洪雅县', 0),
(2720, 2715, '丹棱县', 0),
(2721, 2715, '青神县', 0),
(2722, 2589, '绵阳市', 0),
(2723, 2722, '涪城区', 0),
(2724, 2722, '游仙区', 0),
(2725, 2722, '三台县', 0),
(2726, 2722, '盐亭县', 0),
(2727, 2722, '安县', 0),
(2728, 2722, '梓潼县', 0),
(2729, 2722, '北川羌族自治县', 0),
(2730, 2722, '平武县', 0),
(2731, 2722, '江油市', 0),
(2732, 2589, '内江市', 0),
(2733, 2732, '市中区', 0),
(2734, 2732, '东兴区', 0),
(2735, 2732, '威远县', 0),
(2736, 2732, '资中县', 0),
(2737, 2732, '隆昌县', 0),
(2738, 2589, '南充市', 0),
(2739, 2738, '顺庆区', 0),
(2740, 2738, '高坪区', 0),
(2741, 2738, '嘉陵区', 0),
(2742, 2738, '南部县', 0),
(2743, 2738, '营山县', 0),
(2744, 2738, '蓬安县', 0),
(2745, 2738, '仪陇县', 0),
(2746, 2738, '西充县', 0),
(2747, 2738, '阆中市', 0),
(2748, 2589, '攀枝花市', 0),
(2749, 2748, '东区', 0),
(2750, 2748, '西区', 0),
(2751, 2748, '仁和区', 0),
(2752, 2748, '米易县', 0),
(2753, 2748, '盐边县', 0),
(2754, 2589, '遂宁市', 0),
(2755, 2754, '船山区', 0),
(2756, 2754, '安居区', 0),
(2757, 2754, '蓬溪县', 0),
(2758, 2754, '射洪县', 0),
(2759, 2754, '大英县', 0),
(2760, 2589, '雅安市', 0),
(2761, 2760, '雨城区', 0),
(2762, 2760, '名山县', 0),
(2763, 2760, '荥经县', 0),
(2764, 2760, '汉源县', 0),
(2765, 2760, '石棉县', 0),
(2766, 2760, '天全县', 0),
(2767, 2760, '芦山县', 0),
(2768, 2760, '宝兴县', 0),
(2769, 2589, '宜宾市', 0),
(2770, 2769, '翠屏区', 0),
(2771, 2769, '宜宾县', 0),
(2772, 2769, '南溪县', 0),
(2773, 2769, '江安县', 0),
(2774, 2769, '长宁县', 0),
(2775, 2769, '高县', 0),
(2776, 2769, '珙县', 0),
(2777, 2769, '筠连县', 0),
(2778, 2769, '兴文县', 0),
(2779, 2769, '屏山县', 0),
(2780, 2589, '资阳市', 0),
(2781, 2780, '雁江区', 0),
(2782, 2780, '安岳县', 0),
(2783, 2780, '乐至县', 0),
(2784, 2780, '简阳市', 0),
(2785, 2589, '自贡市', 0),
(2786, 2785, '自流井区', 0),
(2787, 2785, '贡井区', 0),
(2788, 2785, '大安区', 0),
(2789, 2785, '沿滩区', 0),
(2790, 2785, '荣县', 0),
(2791, 2785, '富顺县', 0),
(2792, 0, '西藏', 0),
(2793, 2792, '拉萨市', 0),
(2794, 2793, '城关区', 0),
(2795, 2793, '林周县', 0),
(2796, 2793, '当雄县', 0),
(2797, 2793, '尼木县', 0),
(2798, 2793, '曲水县', 0),
(2799, 2793, '堆龙德庆县', 0),
(2800, 2793, '达孜县', 0),
(2801, 2793, '墨竹工卡县', 0),
(2802, 2792, '阿里地区', 0),
(2803, 2802, '普兰县', 0),
(2804, 2802, '札达县', 0),
(2805, 2802, '噶尔县', 0),
(2806, 2802, '日土县', 0),
(2807, 2802, '革吉县', 0),
(2808, 2802, '改则县', 0),
(2809, 2802, '措勤县', 0),
(2810, 2792, '昌都地区', 0),
(2811, 2810, '昌都县', 0),
(2812, 2810, '江达县', 0),
(2813, 2810, '贡觉县', 0),
(2814, 2810, '类乌齐县', 0),
(2815, 2810, '丁青县', 0),
(2816, 2810, '察雅县', 0),
(2817, 2810, '八宿县', 0),
(2818, 2810, '左贡县', 0),
(2819, 2810, '芒康县', 0),
(2820, 2810, '洛隆县', 0),
(2821, 2810, '边坝县', 0),
(2822, 2792, '林芝地区', 0),
(2823, 2822, '林芝县', 0),
(2824, 2822, '工布江达县', 0),
(2825, 2822, '米林县', 0),
(2826, 2822, '墨脱县', 0),
(2827, 2822, '波密县', 0),
(2828, 2822, '察隅县', 0),
(2829, 2822, '朗县', 0),
(2830, 2792, '那曲地区', 0),
(2831, 2830, '那曲县', 0),
(2832, 2830, '嘉黎县', 0),
(2833, 2830, '比如县', 0),
(2834, 2830, '聂荣县', 0),
(2835, 2830, '安多县', 0),
(2836, 2830, '申扎县', 0),
(2837, 2830, '索县', 0),
(2838, 2830, '班戈县', 0),
(2839, 2830, '巴青县', 0),
(2840, 2830, '尼玛县', 0),
(2841, 2792, '日喀则地区', 0),
(2842, 2841, '日喀则市', 0),
(2843, 2841, '南木林县', 0),
(2844, 2841, '江孜县', 0),
(2845, 2841, '定日县', 0),
(2846, 2841, '萨迦县', 0),
(2847, 2841, '拉孜县', 0),
(2848, 2841, '昂仁县', 0),
(2849, 2841, '谢通门县', 0),
(2850, 2841, '白朗县', 0),
(2851, 2841, '仁布县', 0),
(2852, 2841, '康马县', 0),
(2853, 2841, '定结县', 0),
(2854, 2841, '仲巴县', 0),
(2855, 2841, '亚东县', 0),
(2856, 2841, '吉隆县', 0),
(2857, 2841, '聂拉木县', 0),
(2858, 2841, '萨嘎县', 0),
(2859, 2841, '岗巴县', 0),
(2860, 2792, '山南地区', 0),
(2861, 2860, '乃东县', 0),
(2862, 2860, '扎囊县', 0),
(2863, 2860, '贡嘎县', 0),
(2864, 2860, '桑日县', 0),
(2865, 2860, '琼结县', 0),
(2866, 2860, '曲松县', 0),
(2867, 2860, '措美县', 0),
(2868, 2860, '洛扎县', 0),
(2869, 2860, '加查县', 0),
(2870, 2860, '隆子县', 0),
(2871, 2860, '错那县', 0),
(2872, 2860, '浪卡子县', 0),
(2873, 0, '新疆', 0),
(2874, 2873, '乌鲁木齐市', 0),
(2875, 2874, '天山区', 0),
(2876, 2874, '沙依巴克区', 0),
(2877, 2874, '新市区', 0),
(2878, 2874, '水磨沟区', 0),
(2879, 2874, '头屯河区', 0),
(2880, 2874, '达坂城区', 0),
(2881, 2874, '东山区', 0),
(2882, 2874, '乌鲁木齐县', 0),
(2883, 2873, '阿克苏地区', 0),
(2884, 2883, '阿克苏市', 0),
(2885, 2883, '温宿县', 0),
(2886, 2883, '库车县', 0),
(2887, 2883, '沙雅县', 0),
(2888, 2883, '新和县', 0),
(2889, 2883, '拜城县', 0),
(2890, 2883, '乌什县', 0),
(2891, 2883, '阿瓦提县', 0),
(2892, 2883, '柯坪县', 0),
(2893, 2873, '阿拉尔市', 0),
(2894, 2873, '阿勒泰地区', 0),
(2895, 2894, '阿勒泰市', 0),
(2896, 2894, '布尔津县', 0),
(2897, 2894, '富蕴县', 0),
(2898, 2894, '福海县', 0),
(2899, 2894, '哈巴河县', 0),
(2900, 2894, '青河县', 0),
(2901, 2894, '吉木乃县', 0),
(2902, 2873, '巴音郭楞蒙古自治州', 0),
(2903, 2902, '库尔勒市', 0),
(2904, 2902, '轮台县', 0),
(2905, 2902, '尉犁县', 0),
(2906, 2902, '若羌县', 0),
(2907, 2902, '且末县', 0),
(2908, 2902, '焉耆回族自治县', 0),
(2909, 2902, '和静县', 0),
(2910, 2902, '和硕县', 0),
(2911, 2902, '博湖县', 0),
(2912, 2873, '博尔塔拉蒙古自治州', 0),
(2913, 2912, '博乐市', 0),
(2914, 2912, '精河县', 0),
(2915, 2912, '温泉县', 0),
(2916, 2873, '昌吉回族自治州', 0),
(2917, 2916, '昌吉市', 0),
(2918, 2916, '阜康市', 0),
(2919, 2916, '米泉市', 0),
(2920, 2916, '呼图壁县', 0),
(2921, 2916, '玛纳斯县', 0),
(2922, 2916, '奇台县', 0),
(2923, 2916, '吉木萨尔县', 0),
(2924, 2916, '木垒哈萨克自治县', 0),
(2925, 2873, '哈密地区', 0),
(2926, 2925, '哈密市', 0),
(2927, 2925, '巴里坤哈萨克自治县', 0),
(2928, 2925, '伊吾县', 0),
(2929, 2873, '和田地区', 0),
(2930, 2929, '和田市', 0),
(2931, 2929, '和田县', 0),
(2932, 2929, '墨玉县', 0),
(2933, 2929, '皮山县', 0),
(2934, 2929, '洛浦县', 0),
(2935, 2929, '策勒县', 0),
(2936, 2929, '于田县', 0),
(2937, 2929, '民丰县', 0),
(2938, 2873, '喀什地区', 0),
(2939, 2938, '喀什市', 0),
(2940, 2938, '疏附县', 0),
(2941, 2938, '疏勒县', 0),
(2942, 2938, '英吉沙县', 0),
(2943, 2938, '泽普县', 0),
(2944, 2938, '莎车县', 0),
(2945, 2938, '叶城县', 0),
(2946, 2938, '麦盖提县', 0),
(2947, 2938, '岳普湖县', 0),
(2948, 2938, '伽师县', 0),
(2949, 2938, '巴楚县', 0),
(2950, 2938, '塔什库尔干塔吉克自治县', 0),
(2951, 2873, '克拉玛依市', 0),
(2952, 2951, '独山子区', 0),
(2953, 2951, '克拉玛依区', 0),
(2954, 2951, '白碱滩区', 0),
(2955, 2951, '乌尔禾区', 0),
(2956, 2873, '克孜勒苏柯尔克孜自治州', 0),
(2957, 2956, '阿图什市', 0),
(2958, 2956, '阿克陶县', 0),
(2959, 2956, '阿合奇县', 0),
(2960, 2956, '乌恰县', 0),
(2961, 2873, '石河子市', 0),
(2962, 2873, '塔城地区', 0),
(2963, 2962, '塔城市', 0),
(2964, 2962, '乌苏市', 0),
(2965, 2962, '额敏县', 0),
(2966, 2962, '沙湾县', 0),
(2967, 2962, '托里县', 0),
(2968, 2962, '裕民县', 0),
(2969, 2962, '和布克赛尔蒙古自治县', 0),
(2970, 2873, '图木舒克市', 0),
(2971, 2873, '吐鲁番地区', 0),
(2972, 2971, '吐鲁番市', 0),
(2973, 2971, '鄯善县', 0),
(2974, 2971, '托克逊县', 0),
(2975, 2873, '五家渠市', 0),
(2976, 2873, '伊犁哈萨克自治州', 0),
(2977, 2976, '伊宁市', 0),
(2978, 2976, '奎屯市', 0),
(2979, 2976, '伊宁县', 0),
(2980, 2976, '察布查尔锡伯自治县', 0),
(2981, 2976, '霍城县', 0),
(2982, 2976, '巩留县', 0),
(2983, 2976, '新源县', 0),
(2984, 2976, '昭苏县', 0),
(2985, 2976, '特克斯县', 0),
(2986, 2976, '尼勒克县', 0),
(2987, 0, '云南', 0),
(2988, 2987, '昆明市', 0),
(2989, 2988, '五华区', 0),
(2990, 2988, '盘龙区', 0),
(2991, 2988, '官渡区', 0),
(2992, 2988, '西山区', 0),
(2993, 2988, '东川区', 0),
(2994, 2988, '呈贡县', 0),
(2995, 2988, '晋宁县', 0),
(2996, 2988, '富民县', 0),
(2997, 2988, '宜良县', 0),
(2998, 2988, '石林彝族自治县', 0),
(2999, 2988, '嵩明县', 0),
(3000, 2988, '禄劝彝族苗族自治县', 0),
(3001, 2988, '寻甸回族彝族自治县', 0),
(3002, 2988, '安宁市', 0),
(3003, 2987, '保山市', 0),
(3004, 3003, '隆阳区', 0),
(3005, 3003, '施甸县', 0),
(3006, 3003, '腾冲县', 0),
(3007, 3003, '龙陵县', 0),
(3008, 3003, '昌宁县', 0),
(3009, 2987, '楚雄彝族自治州', 0),
(3010, 3009, '楚雄市', 0),
(3011, 3009, '双柏县', 0),
(3012, 3009, '牟定县', 0),
(3013, 3009, '南华县', 0),
(3014, 3009, '姚安县', 0),
(3015, 3009, '大姚县', 0),
(3016, 3009, '永仁县', 0),
(3017, 3009, '元谋县', 0),
(3018, 3009, '武定县', 0),
(3019, 3009, '禄丰县', 0),
(3020, 2987, '大理白族自治州', 0),
(3021, 3020, '大理市', 0),
(3022, 3020, '漾濞彝族自治县', 0),
(3023, 3020, '祥云县', 0),
(3024, 3020, '宾川县', 0),
(3025, 3020, '弥渡县', 0),
(3026, 3020, '南涧彝族自治县', 0),
(3027, 3020, '巍山彝族回族自治县', 0),
(3028, 3020, '永平县', 0),
(3029, 3020, '云龙县', 0),
(3030, 3020, '洱源县', 0),
(3031, 3020, '剑川县', 0),
(3032, 3020, '鹤庆县', 0),
(3033, 2987, '德宏傣族景颇族自治州', 0),
(3034, 3033, '瑞丽市', 0),
(3035, 3033, '潞西市', 0),
(3036, 3033, '梁河县', 0),
(3037, 3033, '盈江县', 0),
(3038, 3033, '陇川县', 0),
(3039, 2987, '迪庆藏族自治州', 0),
(3040, 3039, '香格里拉县', 0),
(3041, 3039, '德钦县', 0),
(3042, 3039, '维西傈僳族自治县', 0),
(3043, 2987, '红河哈尼族彝族自治州', 0),
(3044, 3043, '个旧市', 0),
(3045, 3043, '开远市', 0),
(3046, 3043, '蒙自县', 0),
(3047, 3043, '屏边苗族自治县', 0),
(3048, 3043, '建水县', 0),
(3049, 3043, '石屏县', 0),
(3050, 3043, '弥勒县', 0),
(3051, 3043, '泸西县', 0),
(3052, 3043, '元阳县', 0),
(3053, 3043, '红河县', 0),
(3054, 3043, '金平苗族瑶族傣族自治县', 0),
(3055, 3043, '绿春县', 0),
(3056, 3043, '河口瑶族自治县', 0),
(3057, 2987, '丽江市', 0),
(3058, 3057, '古城区', 0),
(3059, 3057, '玉龙纳西族自治县', 0),
(3060, 3057, '永胜县', 0),
(3061, 3057, '华坪县', 0),
(3062, 3057, '宁蒗彝族自治县', 0),
(3063, 2987, '临沧市', 0),
(3064, 3063, '临翔区', 0),
(3065, 3063, '凤庆县', 0),
(3066, 3063, '云县', 0),
(3067, 3063, '永德县', 0),
(3068, 3063, '镇康县', 0),
(3069, 3063, '双江拉祜族佤族布朗族傣族自治县', 0),
(3070, 3063, '耿马傣族佤族自治县', 0),
(3071, 3063, '沧源佤族自治县', 0),
(3072, 2987, '怒江傈僳族自治州', 0),
(3073, 3072, '泸水县', 0),
(3074, 3072, '福贡县', 0),
(3075, 3072, '贡山独龙族怒族自治县', 0),
(3076, 3072, '兰坪白族普米族自治县', 0),
(3077, 2987, '曲靖市', 0),
(3078, 3077, '麒麟区', 0),
(3079, 3077, '马龙县', 0),
(3080, 3077, '陆良县', 0),
(3081, 3077, '师宗县', 0),
(3082, 3077, '罗平县', 0),
(3083, 3077, '富源县', 0),
(3084, 3077, '会泽县', 0),
(3085, 3077, '沾益县', 0),
(3086, 3077, '宣威市', 0),
(3087, 2987, '思茅市', 0),
(3088, 3087, '翠云区', 0),
(3089, 3087, '普洱哈尼族彝族自治县', 0),
(3090, 3087, '墨江哈尼族自治县', 0),
(3091, 3087, '景东彝族自治县', 0),
(3092, 3087, '景谷傣族彝族自治县', 0),
(3093, 3087, '镇沅彝族哈尼族拉祜族自治县', 0),
(3094, 3087, '江城哈尼族彝族自治县', 0),
(3095, 3087, '孟连傣族拉祜族佤族自治县', 0),
(3096, 3087, '澜沧拉祜族自治县', 0),
(3097, 3087, '西盟佤族自治县', 0),
(3098, 2987, '文山壮族苗族自治州', 0),
(3099, 3098, '文山县', 0),
(3100, 3098, '砚山县', 0),
(3101, 3098, '西畴县', 0),
(3102, 3098, '麻栗坡县', 0),
(3103, 3098, '马关县', 0),
(3104, 3098, '丘北县', 0),
(3105, 3098, '广南县', 0),
(3106, 3098, '富宁县', 0),
(3107, 2987, '西双版纳傣族自治州', 0),
(3108, 3107, '景洪市', 0),
(3109, 3107, '勐海县', 0),
(3110, 3107, '勐腊县', 0),
(3111, 2987, '玉溪市', 0),
(3112, 3111, '红塔区', 0),
(3113, 3111, '江川县', 0),
(3114, 3111, '澄江县', 0),
(3115, 3111, '通海县', 0),
(3116, 3111, '华宁县', 0),
(3117, 3111, '易门县', 0),
(3118, 3111, '峨山彝族自治县', 0),
(3119, 3111, '新平彝族傣族自治县', 0),
(3120, 3111, '元江哈尼族彝族傣族自治县', 0),
(3121, 2987, '昭通市', 0),
(3122, 3121, '昭阳区', 0),
(3123, 3121, '鲁甸县', 0),
(3124, 3121, '巧家县', 0),
(3125, 3121, '盐津县', 0),
(3126, 3121, '大关县', 0),
(3127, 3121, '永善县', 0),
(3128, 3121, '绥江县', 0),
(3129, 3121, '镇雄县', 0),
(3130, 3121, '彝良县', 0),
(3131, 3121, '威信县', 0),
(3132, 3121, '水富县', 0),
(3133, 0, '浙江', 0),
(3134, 3133, '杭州市', 0),
(3135, 3134, '上城区', 0),
(3136, 3134, '下城区', 0),
(3137, 3134, '江干区', 0),
(3138, 3134, '拱墅区', 0),
(3139, 3134, '西湖区', 0),
(3140, 3134, '滨江区', 0),
(3141, 3134, '萧山区', 0),
(3142, 3134, '余杭区', 0),
(3143, 3134, '桐庐县', 0),
(3144, 3134, '淳安县', 0),
(3145, 3134, '建德市', 0),
(3146, 3134, '富阳市', 0),
(3147, 3134, '临安市', 0),
(3148, 3133, '湖州市', 0),
(3149, 3148, '吴兴区', 0),
(3150, 3148, '南浔区', 0),
(3151, 3148, '德清县', 0),
(3152, 3148, '长兴县', 0),
(3153, 3148, '安吉县', 0),
(3154, 3133, '嘉兴市', 0),
(3155, 3154, '秀城区', 0),
(3156, 3154, '秀洲区', 0),
(3157, 3154, '嘉善县', 0),
(3158, 3154, '海盐县', 0),
(3159, 3154, '海宁市', 0),
(3160, 3154, '平湖市', 0),
(3161, 3154, '桐乡市', 0),
(3162, 3133, '金华市', 0),
(3163, 3162, '婺城区', 0),
(3164, 3162, '金东区', 0),
(3165, 3162, '武义县', 0),
(3166, 3162, '浦江县', 0),
(3167, 3162, '磐安县', 0),
(3168, 3162, '兰溪市', 0),
(3169, 3162, '义乌市', 0),
(3170, 3162, '东阳市', 0),
(3171, 3162, '永康市', 0),
(3172, 3133, '丽水市', 0),
(3173, 3172, '莲都区', 0),
(3174, 3172, '青田县', 0),
(3175, 3172, '缙云县', 0),
(3176, 3172, '遂昌县', 0),
(3177, 3172, '松阳县', 0),
(3178, 3172, '云和县', 0),
(3179, 3172, '庆元县', 0),
(3180, 3172, '景宁畲族自治县', 0),
(3181, 3172, '龙泉市', 0),
(3182, 3133, '宁波市', 0),
(3183, 3182, '海曙区', 0),
(3184, 3182, '江东区', 0),
(3185, 3182, '江北区', 0),
(3186, 3182, '北仑区', 0),
(3187, 3182, '镇海区', 0),
(3188, 3182, '鄞州区', 0),
(3189, 3182, '象山县', 0),
(3190, 3182, '宁海县', 0),
(3191, 3182, '余姚市', 0),
(3192, 3182, '慈溪市', 0),
(3193, 3182, '奉化市', 0),
(3194, 3133, '衢州市', 0),
(3195, 3194, '柯城区', 0),
(3196, 3194, '衢江区', 0),
(3197, 3194, '常山县', 0),
(3198, 3194, '开化县', 0),
(3199, 3194, '龙游县', 0),
(3200, 3194, '江山市', 0),
(3201, 3133, '绍兴市', 0),
(3202, 3201, '越城区', 0),
(3203, 3201, '绍兴县', 0),
(3204, 3201, '新昌县', 0),
(3205, 3201, '诸暨市', 0),
(3206, 3201, '上虞市', 0),
(3207, 3201, '嵊州市', 0),
(3208, 3133, '台州市', 0),
(3209, 3208, '椒江区', 0),
(3210, 3208, '黄岩区', 0),
(3211, 3208, '路桥区', 0),
(3212, 3208, '玉环县', 0),
(3213, 3208, '三门县', 0),
(3214, 3208, '天台县', 0),
(3215, 3208, '仙居县', 0),
(3216, 3208, '温岭市', 0),
(3217, 3208, '临海市', 0),
(3218, 3133, '温州市', 0),
(3219, 3218, '鹿城区', 0),
(3220, 3218, '龙湾区', 0),
(3221, 3218, '瓯海区', 0),
(3222, 3218, '洞头县', 0),
(3223, 3218, '永嘉县', 0),
(3224, 3218, '平阳县', 0),
(3225, 3218, '苍南县', 0),
(3226, 3218, '文成县', 0),
(3227, 3218, '泰顺县', 0),
(3228, 3218, '瑞安市', 0),
(3229, 3218, '乐清市', 0),
(3230, 3133, '舟山市', 0),
(3231, 3230, '定海区', 0),
(3232, 3230, '普陀区', 0),
(3233, 3230, '岱山县', 0),
(3234, 3230, '嵊泗县', 0),
(3235, 0, '香港', 0),
(3236, 3235, '九龙', 0),
(3237, 3235, '香港岛', 0),
(3238, 3235, '新界', 0),
(3239, 0, '澳门', 0),
(3240, 3239, '澳门半岛', 0),
(3241, 3239, '离岛', 0),
(3242, 0, '台湾', 0),
(3243, 3242, '台北市', 0),
(3244, 3242, '高雄市', 0),
(3245, 3242, '高雄县', 0),
(3246, 3242, '花莲县', 0),
(3247, 3242, '基隆市', 0),
(3248, 3242, '嘉义市', 0),
(3249, 3242, '嘉义县', 0),
(3250, 3242, '金门县', 0),
(3251, 3242, '苗栗县', 0),
(3252, 3242, '南投县', 0),
(3253, 3242, '澎湖县', 0),
(3254, 3242, '屏东县', 0),
(3255, 3242, '台北县', 0),
(3256, 3242, '台东县', 0),
(3257, 3242, '台南市', 0),
(3258, 3242, '台南县', 0),
(3259, 3242, '台中市', 0),
(3260, 3242, '台中县', 0),
(3261, 3242, '桃园县', 0),
(3262, 3242, '新竹市', 0),
(3263, 3242, '新竹县', 0),
(3264, 3242, '宜兰县', 0),
(3265, 3242, '云林县', 0),
(3266, 3242, '彰化县', 0);

-- --------------------------------------------------------

--
-- 表的结构 `ssyhn_article`
--

DROP TABLE IF EXISTS `ssyhn_article`;
CREATE TABLE IF NOT EXISTS `ssyhn_article` (
  `id` int(11) unsigned NOT NULL AUTO_INCREMENT,
  `catid` smallint(5) unsigned NOT NULL DEFAULT '0',
  `userid` int(11) unsigned NOT NULL DEFAULT '0',
  `username` varchar(40) NOT NULL DEFAULT '',
  `title` varchar(120) NOT NULL DEFAULT '',
  `title_style` varchar(40) NOT NULL DEFAULT '',
  `keywords` varchar(120) NOT NULL DEFAULT '',
  `copyfrom` varchar(255) NOT NULL DEFAULT '',
  `fromlink` varchar(80) NOT NULL DEFAULT '0',
  `description` mediumtext NOT NULL,
  `content` text NOT NULL,
  `template` varchar(30) NOT NULL DEFAULT '',
  `thumb` varchar(100) NOT NULL DEFAULT '',
  `posid` tinyint(2) unsigned NOT NULL DEFAULT '0',
  `status` tinyint(1) unsigned NOT NULL DEFAULT '0',
  `recommend` tinyint(1) unsigned NOT NULL DEFAULT '1',
  `readgroup` varchar(255) NOT NULL DEFAULT '',
  `readpoint` int(10) unsigned NOT NULL DEFAULT '0',
  `listorder` int(10) unsigned NOT NULL DEFAULT '0',
  `url` varchar(150) NOT NULL DEFAULT '',
  `hits` int(11) unsigned NOT NULL DEFAULT '0',
  `createtime` int(11) unsigned NOT NULL DEFAULT '0',
  `updatetime` int(11) unsigned NOT NULL DEFAULT '0',
  `name` varchar(255) NOT NULL DEFAULT '',
  `lang` tinyint(1) unsigned NOT NULL DEFAULT '0',
  PRIMARY KEY (`id`),
  KEY `status` (`id`,`status`,`listorder`),
  KEY `catid` (`id`,`catid`,`status`),
  KEY `lang` (`id`,`lang`,`status`),
  KEY `listorder` (`id`,`catid`,`status`,`listorder`)
) ENGINE=MyISAM  DEFAULT CHARSET=utf8 AUTO_INCREMENT=2 ;

--
-- 导出表中的数据 `ssyhn_article`
--

INSERT INTO `ssyhn_article` (`id`, `catid`, `userid`, `username`, `title`, `title_style`, `keywords`, `copyfrom`, `fromlink`, `description`, `content`, `template`, `thumb`, `posid`, `status`, `recommend`, `readgroup`, `readpoint`, `listorder`, `url`, `hits`, `createtime`, `updatetime`, `name`, `lang`) VALUES
(1, 3, 1, 'admin', '2014上海国际室内环境技术与产品展览会关注上海伟复', '', '', '', '', '亚洲清洁行业第一大展——第十五届中国清洁博览会暨国际室内环境技术与产品展览会于2014年3月31-4月2日在上海世博展览馆举行，上海伟复环保科技有限公司作为生产企业已确认参展，展位号为2.C57，届时将会在展台上展...', '<table width="100%" border="0" cellspacing="0" cellpadding="0" class="xwxx  " style="margin: 0px; padding: 0px; font-size: 12px; color: rgb(103, 103, 103); font-family: 宋体; line-height: 22px;"><tbody style="margin: 0px; padding: 0px;"><tr style="margin: 0px; padding: 0px;"><td style="margin: 0px; padding: 0px 10px;">亚洲清洁行业第一大展——第十五届中国清洁博览会暨国际室内环境技术与产品展览会于2014年3月31-4月2日在上海世博展览馆举行，<a href="http://www.63hj.com/" target="_blank" style="margin: 0px; padding: 0px; color: rgb(103, 101, 101); text-decoration: none;"><span style="margin: 0px; padding: 0px;"></span></a><span style="margin: 0px; padding: 0px;"><a href="http://63hj.com/" target="_blank" style="margin: 0px; padding: 0px; color: rgb(103, 101, 101); text-decoration: none;"><span style="margin: 0px; padding: 0px;">上海伟复</span></a>环保科技有限公司</span>作为生产企业已确认参展，展位号为2.C57，届时将会在展台上展出各类全新产品及技术。<br style="margin: 0px; padding: 0px;" />&nbsp;<div style="margin: 0px; padding: 0px; text-align: center;"><br style="margin: 0px; padding: 0px;" /><br style="margin: 0px; padding: 0px;" /><br style="margin: 0px; padding: 0px;" /><img alt="" src="http://www.63hj.com/uploads/allimg/121116/1-121116163U6305.jpg" width="689" style="margin: 0px; padding: 0px; vertical-align: middle; border: 0px;" /><br style="margin: 0px; padding: 0px;" /><br style="margin: 0px; padding: 0px;" /><img alt="" src="http://www.63hj.com/uploads/allimg/121116/1-121116163ZJA.jpg" width="689" style="margin: 0px; padding: 0px; vertical-align: middle; border: 0px;" /><br style="margin: 0px; padding: 0px;" /><br style="margin: 0px; padding: 0px;" /><img alt="" src="http://www.63hj.com/uploads/allimg/121116/1-12111616391D29.jpg" width="689" style="margin: 0px; padding: 0px; vertical-align: middle; border: 0px;" /><br style="margin: 0px; padding: 0px;" />展会上，伟复工作人员接受了慧聪网的专访<br style="margin: 0px; padding: 0px;" /><br style="margin: 0px; padding: 0px;" /><br style="margin: 0px; padding: 0px;" /><img alt="" src="http://www.63hj.com/uploads/allimg/121116/1-121116163924642.jpg" width="689" style="margin: 0px; padding: 0px; vertical-align: middle; border: 0px;" /><br style="margin: 0px; padding: 0px;" /><br style="margin: 0px; padding: 0px;" /><br style="margin: 0px; padding: 0px;" /><img alt="" src="http://www.63hj.com/uploads/allimg/121116/1-1211161639332W.jpg" width="689" style="margin: 0px; padding: 0px; vertical-align: middle; border: 0px;" /></div></td></tr></tbody></table>', '0', '/Uploads/201411/5471b029d6d92.jpg', 1, 1, 1, '', 0, 0, '/index.php?a=show&m=Article&id=1', 1, 1416736868, 1416736885, '', 0);

-- --------------------------------------------------------

--
-- 表的结构 `ssyhn_attachment`
--

DROP TABLE IF EXISTS `ssyhn_attachment`;
CREATE TABLE IF NOT EXISTS `ssyhn_attachment` (
  `aid` int(10) unsigned NOT NULL AUTO_INCREMENT,
  `moduleid` tinyint(2) unsigned NOT NULL DEFAULT '0',
  `catid` smallint(5) unsigned NOT NULL DEFAULT '0',
  `id` int(8) unsigned NOT NULL DEFAULT '0',
  `filename` varchar(50) NOT NULL DEFAULT '',
  `filepath` varchar(80) NOT NULL DEFAULT '',
  `filesize` int(10) unsigned NOT NULL DEFAULT '0',
  `fileext` char(10) NOT NULL DEFAULT '',
  `isimage` tinyint(1) unsigned NOT NULL DEFAULT '0',
  `isthumb` tinyint(1) unsigned NOT NULL DEFAULT '0',
  `userid` mediumint(8) unsigned NOT NULL DEFAULT '0',
  `createtime` int(10) unsigned NOT NULL DEFAULT '0',
  `uploadip` char(15) NOT NULL DEFAULT '',
  `status` tinyint(1) unsigned NOT NULL DEFAULT '0',
  PRIMARY KEY (`aid`)
) ENGINE=MyISAM  DEFAULT CHARSET=utf8 AUTO_INCREMENT=2 ;

--
-- 导出表中的数据 `ssyhn_attachment`
--

INSERT INTO `ssyhn_attachment` (`aid`, `moduleid`, `catid`, `id`, `filename`, `filepath`, `filesize`, `fileext`, `isimage`, `isthumb`, `userid`, `createtime`, `uploadip`, `status`) VALUES
(1, 2, 3, 1, '2-14031509441NB.JPG', '/Uploads/201411/5471b029d6d92.jpg', 334593, 'jpg', 1, 1, 1, 1416736810, '127.0.0.1', 1);

-- --------------------------------------------------------

--
-- 表的结构 `ssyhn_block`
--

DROP TABLE IF EXISTS `ssyhn_block`;
CREATE TABLE IF NOT EXISTS `ssyhn_block` (
  `id` int(10) NOT NULL AUTO_INCREMENT,
  `pos` char(30) NOT NULL DEFAULT '',
  `name` varchar(30) NOT NULL DEFAULT '',
  `lang` tinyint(1) unsigned NOT NULL DEFAULT '0',
  `content` text,
  PRIMARY KEY (`id`),
  KEY `pos` (`pos`)
) ENGINE=MyISAM  DEFAULT CHARSET=utf8 AUTO_INCREMENT=4 ;

--
-- 导出表中的数据 `ssyhn_block`
--

INSERT INTO `ssyhn_block` (`id`, `pos`, `name`, `lang`, `content`) VALUES
(1, 'about', '首页公司简介', 1, '<img src="Yourphp/Tpl/Home/Default/Public/images/cpbox.jpg" alt="" align="left" height="160" />&nbsp;&nbsp;&nbsp;&nbsp;&nbsp;&nbsp;&nbsp;&nbsp;首页公司简介'),
(2, 'contact', '右侧联系我们', 1, '<li><label>电 &nbsp;&nbsp;话:</label>010-12345678</li> <li><label>手 &nbsp;&nbsp;机:</label>13212341234</li> <li><label>联系人:</label>X先生</li> <li><label>邮 &nbsp;&nbsp;箱:</label>admin@XXXX.cn</li> <li><label>网 &nbsp;&nbsp;址:</label>http://www.XXXX.cn</li> <li><label>地 &nbsp;&nbsp;址:</label>XX省XX市肃XX村</li> '),
(3, 'footer', '页底', 1, '<p>Powered by <a href="http://www.XXXX.cn" target="_blank"><span style="color:#000000;">XXXX</span></a> 版权所有 &copy; 2014, All right reserved</p>');

-- --------------------------------------------------------

--
-- 表的结构 `ssyhn_cart`
--

DROP TABLE IF EXISTS `ssyhn_cart`;
CREATE TABLE IF NOT EXISTS `ssyhn_cart` (
  `id` int(11) unsigned NOT NULL AUTO_INCREMENT,
  `userid` mediumint(8) unsigned NOT NULL DEFAULT '0',
  `sessionid` char(32) NOT NULL DEFAULT '',
  `moduleid` smallint(3) unsigned NOT NULL DEFAULT '0',
  `product_id` mediumint(8) unsigned NOT NULL DEFAULT '0',
  `product_thumb` varchar(120) NOT NULL DEFAULT '',
  `product_name` varchar(120) NOT NULL DEFAULT '',
  `product_url` varchar(120) NOT NULL DEFAULT '',
  `product_price` decimal(10,2) unsigned NOT NULL DEFAULT '0.00',
  `price` decimal(10,2) unsigned NOT NULL DEFAULT '0.00',
  `number` smallint(5) unsigned NOT NULL DEFAULT '0',
  `attr` text NOT NULL,
  `goods_attr_id` varchar(255) NOT NULL DEFAULT '',
  `type` tinyint(1) unsigned NOT NULL DEFAULT '0',
  `isgift` smallint(5) unsigned NOT NULL DEFAULT '0',
  PRIMARY KEY (`id`),
  KEY `sessionid` (`sessionid`)
) ENGINE=MyISAM DEFAULT CHARSET=utf8 AUTO_INCREMENT=1 ;

--
-- 导出表中的数据 `ssyhn_cart`
--


-- --------------------------------------------------------

--
-- 表的结构 `ssyhn_category`
--

DROP TABLE IF EXISTS `ssyhn_category`;
CREATE TABLE IF NOT EXISTS `ssyhn_category` (
  `id` smallint(5) unsigned NOT NULL AUTO_INCREMENT,
  `catname` varchar(30) NOT NULL DEFAULT '',
  `catdir` varchar(30) NOT NULL DEFAULT '',
  `parentdir` varchar(50) NOT NULL DEFAULT '',
  `parentid` smallint(5) unsigned NOT NULL DEFAULT '0',
  `moduleid` tinyint(2) unsigned NOT NULL DEFAULT '0',
  `module` char(24) NOT NULL DEFAULT '',
  `arrparentid` varchar(255) NOT NULL DEFAULT '',
  `arrchildid` varchar(255) NOT NULL DEFAULT '',
  `type` tinyint(1) unsigned NOT NULL DEFAULT '0',
  `title` varchar(150) NOT NULL DEFAULT '',
  `keywords` varchar(100) NOT NULL DEFAULT '',
  `description` varchar(255) NOT NULL DEFAULT '',
  `listorder` smallint(5) unsigned NOT NULL DEFAULT '0',
  `ishtml` tinyint(1) unsigned NOT NULL DEFAULT '0',
  `ismenu` tinyint(1) unsigned NOT NULL DEFAULT '0',
  `hits` int(10) unsigned NOT NULL DEFAULT '0',
  `image` varchar(100) NOT NULL DEFAULT '',
  `child` tinyint(1) unsigned NOT NULL DEFAULT '0',
  `url` varchar(150) NOT NULL DEFAULT '',
  `template_list` varchar(20) NOT NULL DEFAULT '',
  `template_show` varchar(20) NOT NULL DEFAULT '',
  `pagesize` tinyint(2) unsigned NOT NULL DEFAULT '0',
  `readgroup` varchar(100) NOT NULL DEFAULT '',
  `listtype` tinyint(1) unsigned NOT NULL DEFAULT '0',
  `lang` tinyint(1) unsigned NOT NULL DEFAULT '0',
  `urlruleid` tinyint(2) unsigned NOT NULL DEFAULT '0',
  `presentpoint` tinyint(3) NOT NULL DEFAULT '0',
  `chargepoint` tinyint(3) unsigned NOT NULL DEFAULT '0',
  `paytype` tinyint(1) unsigned NOT NULL DEFAULT '0',
  `repeatchargedays` tinyint(3) unsigned NOT NULL DEFAULT '0',
  `postgroup` varchar(100) NOT NULL DEFAULT '',
  PRIMARY KEY (`id`),
  KEY `parentid` (`parentid`),
  KEY `listorder` (`listorder`)
) ENGINE=MyISAM  DEFAULT CHARSET=utf8 AUTO_INCREMENT=21 ;

--
-- 导出表中的数据 `ssyhn_category`
--

INSERT INTO `ssyhn_category` (`id`, `catname`, `catdir`, `parentdir`, `parentid`, `moduleid`, `module`, `arrparentid`, `arrchildid`, `type`, `title`, `keywords`, `description`, `listorder`, `ishtml`, `ismenu`, `hits`, `image`, `child`, `url`, `template_list`, `template_show`, `pagesize`, `readgroup`, `listtype`, `lang`, `urlruleid`, `presentpoint`, `chargepoint`, `paytype`, `repeatchargedays`, `postgroup`) VALUES
(1, '新闻中心', 'news', '', 0, 2, 'Article', '0', '1,2,3,10,16', 0, '公司新闻11', '公司新闻', '公司新闻', 0, 0, 1, 0, '', 1, '/index.php?a=index&m=Article&id=1', '', '', 0, '', 1, 1, 4, 0, 0, 0, 0, ''),
(2, '行业新闻', 'hangye', 'news/', 1, 2, 'Article', '0,1', '2', 0, '行业新闻', '行业新闻', '行业新闻', 0, 0, 1, 0, '', 0, '/index.php?a=index&m=Article&id=2', '', '', 0, '', 0, 1, 4, 0, 0, 0, 0, ''),
(3, '公司新闻', 'gongsi', 'news/', 1, 2, 'Article', '0,1', '3', 0, '公司新闻', '公司新闻', '公司新闻', 0, 0, 1, 0, '', 0, '/index.php?a=index&m=Article&id=3', '', '', 0, '', 0, 1, 4, 0, 0, 0, 0, ''),
(4, '产品展示', 'Product', '', 0, 3, 'Product', '0', '4,5,6,7,9', 0, '产品展示标题', '产品展示关键词', '产品展示栏目简介', 0, 0, 1, 0, '', 1, '/index.php?a=index&m=Product&id=4', '', '', 0, '', 0, 1, 0, 0, 0, 0, 0, ''),
(5, '治理药剂炭包吸附', 'cp1', 'Product/', 4, 3, 'Product', '0,4', '5', 0, '产品分类1', '产品分类1产品分类1', '产品分类1', 0, 0, 1, 0, '', 0, '/index.php?a=index&m=Product&id=5', '', '', 0, '2,3,4', 0, 1, 4, 0, 0, 0, 0, ''),
(6, '空气净化仪器系列', 'cp2', 'Product/', 4, 3, 'Product', '0,4', '6', 0, '产品分类2', '产品分类2', '产品分类2', 0, 0, 1, 0, '', 0, '/index.php?a=index&m=Product&id=6', '', '', 0, '', 0, 1, 4, 0, 0, 0, 0, ''),
(7, '检测仪器用品系列', 'cp3', 'Product/', 4, 3, 'Product', '0,4', '7', 0, '产品分类3', '产品分类3', '产品分类3', 0, 0, 1, 0, '', 0, '/index.php?a=index&m=Product&id=7', '', '', 0, '', 0, 1, 4, 0, 0, 0, 0, ''),
(8, '关于我们', 'about', '', 0, 1, 'Page', '0', '8,11,12,13,20', 0, '', '', '', 99, 0, 1, 0, '', 1, '/index.php?a=index&m=Page&id=8', '', '', 0, '', 0, 1, 0, 0, 0, 0, 0, ''),
(10, '行业资讯', 'zixun', 'news/', 1, 2, 'Article', '0,1', '10', 0, '', '', '', 0, 0, 1, 0, '', 0, '/index.php?a=index&m=Article&id=10', '', '', 0, '', 0, 1, 4, 0, 0, 0, 0, ''),
(13, '检测治理', 'cp5', 'about/', 8, 1, 'Page', '0,8', '13', 0, '', '', '', 0, 0, 1, 0, '', 0, '/index.php?a=index&m=Page&id=13', '', 'Product_show', 0, '', 0, 1, 4, 0, 0, 0, 0, ''),
(9, '居家清洁用品系列', 'cp4', 'Product/', 4, 3, 'Product', '0,4', '9', 0, '', '', '', 0, 0, 1, 0, '', 0, '/index.php?a=index&m=Product&id=9', '', '', 0, '2,3', 0, 1, 4, 0, 0, 0, 0, ''),
(11, '公司简介', 'info', 'about/', 8, 1, 'Page', '0,8', '11', 0, '', '', '', 0, 0, 1, 0, '', 0, '/index.php?a=index&m=Page&id=11', '', '', 0, '', 0, 1, 0, 0, 0, 0, 0, ''),
(12, '联系我们', 'contactus', 'about/', 8, 1, 'Page', '0,8', '12', 0, '联系我们', '联系我们', '联系我们', 0, 0, 1, 0, '', 0, '/index.php?a=index&m=Page&id=12', '', '', 0, '', 0, 1, 0, 0, 0, 0, 0, ''),
(20, '资质证书', 'zizhi', 'about/', 8, 1, 'Page', '0,8', '20', 0, '', '', '', 0, 0, 1, 0, '', 0, '/index.php?a=index&m=Page&id=20', '', '', 0, '', 0, 0, 4, 0, 0, 0, 0, ''),
(16, '国内新闻', 'cnnews', 'news/', 1, 2, 'Article', '0,1', '16', 0, '', '', '', 0, 0, 1, 0, '', 0, '/index.php?a=index&m=Article&id=16', '', '', 0, '', 0, 1, 4, 0, 0, 0, 0, ''),
(18, '信息反馈', 'Feedback', 'Guestbook/', 19, 6, 'Feedback', '0,19', '18', 0, '', '', '', 0, 0, 1, 0, '', 0, '/index.php?a=index&m=Feedback&id=18', '', '', 0, '', 0, 1, 0, 0, 0, 0, 0, '1,2,3,4'),
(19, '在线留言', 'Guestbook', '', 0, 8, 'Guestbook', '0', '19,18', 0, '', '', '', 0, 0, 1, 0, '', 1, '/index.php?a=index&m=Guestbook&id=19', '', '', 5, '', 0, 1, 0, 0, 0, 0, 0, '1,2,3,4');

-- --------------------------------------------------------

--
-- 表的结构 `ssyhn_config`
--

DROP TABLE IF EXISTS `ssyhn_config`;
CREATE TABLE IF NOT EXISTS `ssyhn_config` (
  `id` smallint(8) unsigned NOT NULL AUTO_INCREMENT,
  `varname` varchar(20) NOT NULL DEFAULT '',
  `info` varchar(100) NOT NULL DEFAULT '',
  `groupid` tinyint(3) unsigned NOT NULL DEFAULT '1',
  `value` text NOT NULL,
  `lang` tinyint(1) unsigned NOT NULL DEFAULT '0',
  PRIMARY KEY (`id`),
  KEY `varname` (`varname`)
) ENGINE=MyISAM  DEFAULT CHARSET=utf8 AUTO_INCREMENT=66 ;

--
-- 导出表中的数据 `ssyhn_config`
--

INSERT INTO `ssyhn_config` (`id`, `varname`, `info`, `groupid`, `value`, `lang`) VALUES
(1, 'site_name', '网站名称', 2, '长沙十三亿环保科技有限公司', 1),
(2, 'site_url', '网站网址', 2, 'http://test', 1),
(3, 'logo', '网站LOGO', 2, '/Public/Images/logo.gif', 1),
(4, 'site_email', '站点邮箱', 2, 'admin@XXXX.cn', 1),
(5, 'seo_title', '网站标题', 2, '湖南十三亿', 1),
(6, 'seo_keywords', '关键词', 2, '湖南十三亿', 1),
(7, 'seo_description', '网站简介', 2, '湖南十三亿', 1),
(8, 'mail_type', '邮件发送模式', 4, '1', 0),
(9, 'mail_server', '邮件服务器', 4, 'smtp.qq.com', 0),
(10, 'mail_port', '邮件发送端口', 4, '25', 0),
(11, 'mail_from', '发件人地址', 4, 'admin@XXXX.cn', 0),
(12, 'mail_auth', 'AUTH LOGIN验证', 4, '1', 0),
(13, 'mail_user', '验证用户名', 4, 'admin@XXXX.cn', 0),
(14, 'mail_password', '验证密码', 4, '', 0),
(15, 'attach_maxsize', '允许上传附件大小', 5, '5200000', 0),
(16, 'attach_allowext', '允许上传附件类型', 5, 'jpg,jpeg,gif,png,doc,docx,rar,zip,swf', 0),
(17, 'watermark_enable', '是否开启图片水印', 5, '1', 0),
(18, 'watemard_text', '水印文字内容', 5, 'XXXX', 0),
(19, 'watemard_text_size', '文字大小', 5, '18', 0),
(20, 'watemard_text_color', 'watemard_text_color', 5, '#FFFFFF', 0),
(21, 'watemard_text_face', '字体', 5, 'elephant.ttf', 0),
(22, 'watermark_minwidth', '图片最小宽度', 5, '300', 0),
(23, 'watermark_minheight', '水印最小高度', 5, '300', 0),
(24, 'watermark_img', '水印图片名称', 5, 'mark.png', 0),
(25, 'watermark_pct', '水印透明度', 5, '80', 0),
(26, 'watermark_quality', 'JPEG 水印质量', 5, '100', 0),
(27, 'watermark_pospadding', '水印边距', 5, '10', 0),
(28, 'watermark_pos', '水印位置', 5, '9', 0),
(29, 'PAGE_LISTROWS', '列表分页数', 6, '15', 0),
(30, 'URL_MODEL', 'URL访问模式', 6, '0', 0),
(31, 'URL_PATHINFO_DEPR', '参数分割符', 6, '/', 0),
(32, 'URL_HTML_SUFFIX', 'URL伪静态后缀', 6, '.html', 0),
(33, 'TOKEN_ON', '令牌验证', 6, '1', 0),
(34, 'TOKEN_NAME', '令牌表单字段', 6, '__hash__', 0),
(35, 'TMPL_CACHE_ON', '模板编译缓存', 6, '0', 0),
(36, 'TMPL_CACHE_TIME', '模板缓存有效期', 6, '-1', 0),
(37, 'HTML_CACHE_ON', '静态缓存', 6, '0', 0),
(38, 'HTML_CACHE_TIME', '缓存有效期', 6, '60', 0),
(39, 'HTML_READ_TYPE', '缓存读取方式', 6, '0', 0),
(40, 'HTML_FILE_SUFFIX', '静态文件后缀', 6, '.html', 0),
(41, 'ADMIN_ACCESS', 'ADMIN_ACCESS', 6, '16bebfbac6c680e1d85c367e5ceacd10', 0),
(42, 'DEFAULT_THEME', '默认模板', 6, 'Default', 0),
(43, 'HOME_ISHTML', '首页生成html', 6, '1', 0),
(44, 'URL_URLRULE', 'URL', 6, '{$catdir}/show/{$id}.html|{$catdir}/show/{$id}_{$page}.html:::{$catdir}/|{$catdir}/{$page}.html', 0),
(45, 'DEFAULT_LANG', '默认语言', 6, 'cn', 0),
(46, 'member_register', '允许新会员注册', 3, '0', 1),
(47, 'member_emailcheck', '新会员注册需要邮件验证', 3, '0', 1),
(48, 'member_registecheck', '新会员注册需要审核', 3, '1', 1),
(49, 'member_login_verify', '注册登陆开启验证码', 3, '1', 1),
(50, 'member_emailchecktpl', '邮件认证模板', 3, ' 欢迎您注册成为XXXX用户，您的账号需要邮箱认证，点击下面链接进行认证：{click}\r\n或者将网址复制到浏览器：{url}', 1),
(51, 'member_getpwdemaitpl', '密码找回邮件内容', 3, '尊敬的用户{username}，请点击进入<a href="{url}">重置密码</a>,或者将网址复制到浏览器：{url}（链接3天内有效）。<br>感谢您对本站的支持。<br>　　　　　　　　　　　　　　　　　　　　　　　　　　　　　　{sitename}<br>此邮件为系统自动邮件，无需回复。', 1),
(65, 'LAYOUT_ON', '布局模板', 6, '1', 0);

-- --------------------------------------------------------

--
-- 表的结构 `ssyhn_dbsource`
--

DROP TABLE IF EXISTS `ssyhn_dbsource`;
CREATE TABLE IF NOT EXISTS `ssyhn_dbsource` (
  `id` int(10) NOT NULL AUTO_INCREMENT,
  `name` varchar(50) NOT NULL DEFAULT '',
  `host` varchar(20) NOT NULL DEFAULT '',
  `port` int(5) NOT NULL DEFAULT '3306',
  `username` varchar(50) NOT NULL DEFAULT '',
  `password` varchar(50) NOT NULL DEFAULT '',
  `dbname` varchar(50) NOT NULL DEFAULT '',
  `dbtablepre` varchar(30) NOT NULL DEFAULT '',
  PRIMARY KEY (`id`)
) ENGINE=MyISAM DEFAULT CHARSET=utf8 AUTO_INCREMENT=1 ;

--
-- 导出表中的数据 `ssyhn_dbsource`
--


-- --------------------------------------------------------

--
-- 表的结构 `ssyhn_download`
--

DROP TABLE IF EXISTS `ssyhn_download`;
CREATE TABLE IF NOT EXISTS `ssyhn_download` (
  `id` int(11) unsigned NOT NULL AUTO_INCREMENT,
  `catid` smallint(5) unsigned NOT NULL DEFAULT '0',
  `userid` int(8) unsigned NOT NULL DEFAULT '0',
  `username` varchar(40) NOT NULL DEFAULT '',
  `title` varchar(120) NOT NULL DEFAULT '',
  `title_style` varchar(40) NOT NULL DEFAULT '',
  `thumb` varchar(100) NOT NULL DEFAULT '',
  `keywords` varchar(120) NOT NULL DEFAULT '',
  `description` mediumtext NOT NULL,
  `content` mediumtext NOT NULL,
  `template` varchar(40) NOT NULL DEFAULT '',
  `posid` tinyint(2) unsigned NOT NULL DEFAULT '0',
  `status` tinyint(1) unsigned NOT NULL DEFAULT '0',
  `recommend` tinyint(1) unsigned NOT NULL DEFAULT '0',
  `readgroup` varchar(100) NOT NULL DEFAULT '',
  `readpoint` smallint(5) unsigned NOT NULL,
  `listorder` int(10) unsigned NOT NULL DEFAULT '0',
  `hits` int(11) unsigned NOT NULL DEFAULT '0',
  `createtime` int(11) unsigned NOT NULL DEFAULT '0',
  `updatetime` int(11) unsigned NOT NULL DEFAULT '0',
  `url` varchar(150) NOT NULL DEFAULT '',
  `file` varchar(80) NOT NULL DEFAULT '',
  `ext` varchar(10) NOT NULL DEFAULT '',
  `size` varchar(10) NOT NULL DEFAULT '',
  `downs` int(10) unsigned NOT NULL DEFAULT '0',
  `lang` tinyint(1) unsigned NOT NULL DEFAULT '0',
  PRIMARY KEY (`id`),
  KEY `status` (`id`,`status`,`listorder`),
  KEY `catid` (`id`,`catid`,`status`),
  KEY `lang` (`id`,`status`,`lang`),
  KEY `listorder` (`id`,`catid`,`status`,`listorder`)
) ENGINE=MyISAM DEFAULT CHARSET=utf8 AUTO_INCREMENT=1 ;

--
-- 导出表中的数据 `ssyhn_download`
--


-- --------------------------------------------------------

--
-- 表的结构 `ssyhn_feedback`
--

DROP TABLE IF EXISTS `ssyhn_feedback`;
CREATE TABLE IF NOT EXISTS `ssyhn_feedback` (
  `id` int(11) unsigned NOT NULL AUTO_INCREMENT,
  `listorder` int(10) unsigned NOT NULL DEFAULT '0',
  `username` varchar(20) NOT NULL DEFAULT '',
  `telephone` varchar(255) NOT NULL DEFAULT '',
  `email` varchar(50) NOT NULL DEFAULT '',
  `content` mediumtext NOT NULL,
  `ip` varchar(255) NOT NULL DEFAULT '',
  `title` varchar(50) NOT NULL DEFAULT '',
  `createtime` int(11) unsigned NOT NULL DEFAULT '0',
  `status` tinyint(1) unsigned NOT NULL DEFAULT '0',
  `typeid` smallint(5) unsigned NOT NULL DEFAULT '0',
  `userid` int(11) unsigned NOT NULL DEFAULT '0',
  `lang` tinyint(1) unsigned NOT NULL DEFAULT '0',
  PRIMARY KEY (`id`)
) ENGINE=MyISAM DEFAULT CHARSET=utf8 AUTO_INCREMENT=1 ;

--
-- 导出表中的数据 `ssyhn_feedback`
--


-- --------------------------------------------------------

--
-- 表的结构 `ssyhn_field`
--

DROP TABLE IF EXISTS `ssyhn_field`;
CREATE TABLE IF NOT EXISTS `ssyhn_field` (
  `id` smallint(5) unsigned NOT NULL AUTO_INCREMENT,
  `moduleid` tinyint(3) unsigned NOT NULL DEFAULT '0',
  `field` varchar(20) NOT NULL DEFAULT '',
  `name` varchar(30) NOT NULL DEFAULT '',
  `tips` varchar(150) NOT NULL DEFAULT '',
  `required` tinyint(1) unsigned NOT NULL DEFAULT '0',
  `minlength` int(10) unsigned NOT NULL DEFAULT '0',
  `maxlength` int(10) unsigned NOT NULL DEFAULT '0',
  `pattern` varchar(255) NOT NULL DEFAULT '',
  `errormsg` varchar(255) NOT NULL DEFAULT '',
  `class` varchar(20) NOT NULL DEFAULT '',
  `type` varchar(20) NOT NULL DEFAULT '',
  `setup` mediumtext NOT NULL,
  `ispost` tinyint(1) NOT NULL DEFAULT '0',
  `unpostgroup` varchar(60) NOT NULL DEFAULT '',
  `listorder` int(10) unsigned NOT NULL DEFAULT '0',
  `status` tinyint(1) unsigned NOT NULL DEFAULT '0',
  `issystem` tinyint(1) unsigned NOT NULL DEFAULT '0',
  PRIMARY KEY (`id`)
) ENGINE=MyISAM  DEFAULT CHARSET=utf8 AUTO_INCREMENT=103 ;

--
-- 导出表中的数据 `ssyhn_field`
--

INSERT INTO `ssyhn_field` (`id`, `moduleid`, `field`, `name`, `tips`, `required`, `minlength`, `maxlength`, `pattern`, `errormsg`, `class`, `type`, `setup`, `ispost`, `unpostgroup`, `listorder`, `status`, `issystem`) VALUES
(1, 1, 'title', '标题', '', 1, 3, 80, '', '标题必填3-80个字', '', 'title', 'array (\n  ''thumb'' => ''1'',\n  ''style'' => ''0'',\n  ''size'' => '''',\n)', 1, '', 0, 1, 1),
(2, 1, 'keywords', '关键词', '', 0, 0, 0, '', '', '', 'text', 'array (\n  ''size'' => ''55'',\n  ''default'' => '''',\n  ''ispassword'' => ''0'',\n)', 1, '', 0, 1, 1),
(3, 1, 'description', 'SEO简介', '', 0, 0, 0, '', '', '', 'textarea', 'array (\n  ''rows'' => ''4'',\n  ''cols'' => ''55'',\n  ''default'' => '''',\n)', 1, '', 0, 1, 1),
(4, 1, 'content', '内容', '', 0, 0, 0, '', '', '', 'editor', 'array (\n  ''toolbar'' => ''full'',\n  ''default'' => '''',\n  ''height'' => '''',\n  ''showpage'' => ''1'',\n  ''enablekeylink'' => ''0'',\n  ''replacenum'' => '''',\n  ''enablesaveimage'' => ''0'',\n  ''flashupload'' => ''1'',\n  ''alowuploadexts'' => ''jpg,jpeg,gif,doc,rar,zip,xls'',\n)', 1, '', 0, 1, 1),
(5, 2, 'catid', '栏目', '', 1, 1, 6, 'digits', '必须选择一个栏目', '', 'catid', '', 1, '', 0, 1, 1),
(6, 2, 'title', '标题', '', 1, 0, 0, '', '标题必须为1-80个字符', '', 'title', 'array (\n  ''thumb'' => ''1'',\n  ''style'' => ''1'',\n  ''size'' => ''55'',\n)', 1, '', 0, 1, 1),
(7, 2, 'keywords', '关键词', '', 0, 0, 0, '', '', '', 'text', 'array (\n  ''size'' => ''55'',\n  ''default'' => '''',\n  ''ispassword'' => ''0'',\n)', 1, '', 0, 1, 1),
(8, 2, 'description', 'SEO简介', '', 0, 0, 0, '', '', '', 'textarea', 'array (\n  ''rows'' => ''4'',\n  ''cols'' => ''55'',\n  ''default'' => '''',\n)', 1, '', 0, 1, 1),
(9, 2, 'content', '内容', '', 0, 0, 0, '', '', '', 'editor', 'array (\n  ''toolbar'' => ''full'',\n  ''default'' => '''',\n  ''height'' => '''',\n  ''show_add_description'' => ''1'',\n  ''show_auto_thumb'' => ''1'',\n  ''showpage'' => ''1'',\n  ''enablekeylink'' => ''0'',\n  ''replacenum'' => '''',\n  ''enablesaveimage'' => ''0'',\n  ''flashupload'' => ''1'',\n  ''alowuploadexts'' => '''',\n)', 1, '', 0, 1, 1),
(10, 2, 'createtime', '发布时间', '', 1, 0, 0, '', '', '', 'datetime', '', 1, '3,4', 0, 1, 1),
(11, 2, 'copyfrom', '来源', '', 0, 0, 0, '0', '', '', 'text', 'array (\n  ''size'' => ''20'',\n  ''default'' => '''',\n  ''ispassword'' => ''0'',\n  ''fieldtype'' => ''varchar'',\n)', 1, '', 0, 1, 1),
(12, 2, 'fromlink', '来源网址', '', 0, 0, 0, '', '', '', 'text', 'array (\n  ''size'' => ''20'',\n  ''default'' => '''',\n  ''ispassword'' => ''0'',\n)', 1, '', 0, 1, 1),
(13, 2, 'readgroup', '访问权限', '', 0, 0, 0, '', '', '', 'groupid', 'array (\n  ''inputtype'' => ''checkbox'',\n  ''fieldtype'' => ''varchar'',\n  ''numbertype'' => ''1'',\n  ''labelwidth'' => ''85'',\n  ''default'' => '''',\n)', 1, '3,4', 0, 1, 1),
(14, 2, 'posid', '推荐位', '', 0, 0, 0, '', '', '', 'posid', '', 1, '3,4', 0, 1, 1),
(15, 2, 'template', '模板', '', 0, 0, 0, '', '', '', 'template', '', 1, '3,4', 0, 1, 1),
(16, 2, 'status', '状态', '', 0, 0, 0, '', '', '', 'radio', 'array (\n  ''options'' => ''发布|1\r\n定时发布|0'',\n  ''fieldtype'' => ''tinyint'',\n  ''labelwidth'' => ''75'',\n  ''default'' => ''1'',\n)', 1, '3,4', 0, 1, 1),
(17, 3, 'catid', '栏目', '', 1, 1, 6, '', '必须选择一个栏目', '', 'catid', '', 1, '', 0, 1, 1),
(18, 3, 'title', '标题', '', 1, 1, 80, '', '标题必须为1-80个字符', '', 'title', 'array (\n  ''thumb'' => ''1'',\n  ''style'' => ''1'',\n  ''size'' => ''55'',\n)', 1, '', 0, 1, 1),
(19, 3, 'keywords', '关键词', '', 0, 0, 80, '', '', '', 'text', 'array (\n  ''size'' => ''55'',\n  ''default'' => '''',\n  ''ispassword'' => ''0'',\n  ''fieldtype'' => ''varchar'',\n)', 1, '', 0, 1, 1),
(20, 3, 'description', 'SEO简介', '', 0, 0, 0, '', '', '', 'textarea', 'array (\n  ''fieldtype'' => ''mediumtext'',\n  ''rows'' => ''4'',\n  ''cols'' => ''55'',\n  ''default'' => '''',\n)', 1, '', 0, 1, 1),
(21, 3, 'content', '内容', '', 0, 0, 0, '', '', '', 'editor', 'array (\n  ''toolbar'' => ''full'',\n  ''default'' => '''',\n  ''height'' => '''',\n  ''showpage'' => ''1'',\n  ''enablekeylink'' => ''0'',\n  ''replacenum'' => '''',\n  ''enablesaveimage'' => ''0'',\n  ''flashupload'' => ''1'',\n  ''alowuploadexts'' => '''',\n)', 1, '', 10, 1, 1),
(22, 3, 'createtime', '发布时间', '', 1, 0, 0, '', '', '', 'datetime', '', 1, '3,4', 93, 1, 1),
(31, 2, 'recommend', '允许评论', '', 0, 0, 1, '', '', '', 'radio', 'array (\n  ''options'' => ''允许评论|1\r\n不允许评论|0'',\n  ''fieldtype'' => ''tinyint'',\n  ''numbertype'' => ''1'',\n  ''labelwidth'' => '''',\n  ''default'' => ''1'',\n)', 1, '3,4', 0, 0, 0),
(30, 3, 'xinghao', '型号', '', 0, 0, 30, '', '', '', 'text', 'array (\n  ''size'' => ''20'',\n  ''default'' => '''',\n  ''ispassword'' => ''0'',\n  ''fieldtype'' => ''varchar'',\n)', 1, '', 0, 1, 1),
(25, 3, 'readgroup', '访问权限', '', 0, 0, 0, '', '', '', 'groupid', 'array (\n  ''inputtype'' => ''checkbox'',\n  ''fieldtype'' => ''tinyint'',\n  ''labelwidth'' => ''85'',\n  ''default'' => '''',\n)', 1, '3,4', 96, 0, 1),
(26, 3, 'posid', '推荐位', '', 0, 0, 0, '', '', '', 'posid', '', 1, '3,4', 97, 1, 1),
(27, 3, 'template', '模板', '', 0, 0, 0, '', '', '', 'template', '', 1, '3,4', 98, 1, 1),
(28, 3, 'status', '状态', '', 0, 0, 0, '', '', '', 'radio', 'array (\n  ''options'' => ''发布|1\r\n定时发布|0'',\n  ''fieldtype'' => ''tinyint'',\n  ''numbertype'' => ''1'',\n  ''labelwidth'' => ''75'',\n  ''default'' => ''1'',\n)', 1, '3,4', 99, 1, 1),
(29, 3, 'price', '价格', '', 0, 0, 0, '', '', '', 'number', 'array (\n  ''numbertype'' => ''1'',\n  ''decimaldigits'' => ''2'',\n  ''default'' => ''0'',\n)', 1, '', 0, 1, 1),
(34, 3, 'recommend', '允许评论', '', 0, 0, 1, '', '', '', 'radio', 'array (\n  ''options'' => ''允许评论|1\r\n不允许评论|0'',\n  ''fieldtype'' => ''tinyint'',\n  ''numbertype'' => ''1'',\n  ''labelwidth'' => '''',\n  ''default'' => '''',\n)', 1, '3,4', 0, 0, 0),
(32, 2, 'readpoint', '阅读收费', '', 0, 0, 3, '', '', '', 'number', 'array (\n  ''size'' => ''5'',\n  ''numbertype'' => ''1'',\n  ''decimaldigits'' => ''0'',\n  ''default'' => '''',\n)', 1, '3,4', 0, 0, 0),
(33, 2, 'hits', '点击次数', '', 0, 0, 8, '', '', '', 'number', 'array (\n  ''size'' => ''5'',\n  ''numbertype'' => ''1'',\n  ''decimaldigits'' => ''0'',\n  ''default'' => '''',\n)', 1, '', 0, 0, 0),
(35, 3, 'readpoint', '阅读收费', '', 0, 0, 5, '', '', '', 'number', 'array (\n  ''size'' => ''5'',\n  ''numbertype'' => ''1'',\n  ''decimaldigits'' => ''0'',\n  ''default'' => ''0'',\n)', 1, '3,4', 0, 0, 0),
(36, 3, 'hits', '点击次数', '', 0, 0, 8, '', '', '', 'number', 'array (\n  ''size'' => ''10'',\n  ''numbertype'' => ''1'',\n  ''decimaldigits'' => ''0'',\n  ''default'' => ''0'',\n)', 1, '', 0, 0, 0),
(37, 4, 'catid', '栏目', '', 1, 1, 6, '', '必须选择一个栏目', '', 'catid', '', 1, '', 0, 1, 1),
(38, 4, 'title', '标题', '', 1, 1, 80, '', '标题必须为1-80个字符', '', 'title', 'array (\n  ''thumb'' => ''1'',\n  ''style'' => ''1'',\n  ''size'' => ''55'',\n)', 1, '', 0, 1, 1),
(39, 4, 'keywords', '关键词', '', 0, 0, 80, '', '', '', 'text', 'array (\n  ''size'' => ''55'',\n  ''default'' => '''',\n  ''ispassword'' => ''0'',\n  ''fieldtype'' => ''varchar'',\n)', 1, '', 0, 1, 1),
(40, 4, 'description', 'SEO简介', '', 0, 0, 0, '', '', '', 'textarea', 'array (\n  ''fieldtype'' => ''mediumtext'',\n  ''rows'' => ''4'',\n  ''cols'' => ''55'',\n  ''default'' => '''',\n)', 1, '', 0, 1, 1),
(41, 4, 'content', '内容', '', 0, 0, 0, '', '', '', 'editor', 'array (\n  ''toolbar'' => ''full'',\n  ''default'' => '''',\n  ''height'' => '''',\n  ''showpage'' => ''1'',\n  ''enablekeylink'' => ''0'',\n  ''replacenum'' => '''',\n  ''enablesaveimage'' => ''0'',\n  ''flashupload'' => ''1'',\n  ''alowuploadexts'' => '''',\n)', 1, '', 10, 1, 1),
(42, 4, 'createtime', '发布时间', '', 1, 0, 0, '', '', '', 'datetime', '', 1, '3,4', 93, 1, 1),
(43, 4, 'recommend', '允许评论', '', 0, 0, 1, '', '', '', 'radio', 'array (\n  ''options'' => ''允许评论|1\r\n不允许评论|0'',\n  ''fieldtype'' => ''tinyint'',\n  ''numbertype'' => ''1'',\n  ''labelwidth'' => '''',\n  ''default'' => '''',\n)', 1, '3,4', 0, 0, 0),
(44, 4, 'readpoint', '阅读收费', '', 0, 0, 5, '', '', '', 'number', 'array (\n  ''size'' => ''5'',\n  ''numbertype'' => ''1'',\n  ''decimaldigits'' => ''0'',\n  ''default'' => ''0'',\n)', 1, '3,4', 0, 0, 0),
(45, 4, 'hits', '点击次数', '', 0, 0, 8, '', '', '', 'number', 'array (\n  ''size'' => ''10'',\n  ''numbertype'' => ''1'',\n  ''decimaldigits'' => ''0'',\n  ''default'' => ''0'',\n)', 1, '', 0, 0, 0),
(46, 4, 'readgroup', '访问权限', '', 0, 0, 0, '', '', '', 'groupid', 'array (\n  ''inputtype'' => ''checkbox'',\n  ''fieldtype'' => ''tinyint'',\n  ''labelwidth'' => ''85'',\n  ''default'' => '''',\n)', 1, '3,4', 96, 0, 1),
(47, 4, 'posid', '推荐位', '', 0, 0, 0, '', '', '', 'posid', '', 1, '3,4', 97, 1, 1),
(48, 4, 'template', '模板', '', 0, 0, 0, '', '', '', 'template', '', 1, '3,4', 98, 1, 1),
(49, 4, 'status', '状态', '', 0, 0, 0, '', '', '', 'radio', 'array (\n  ''options'' => ''发布|1\r\n定时发布|0'',\n  ''fieldtype'' => ''tinyint'',\n  ''numbertype'' => ''1'',\n  ''labelwidth'' => ''75'',\n  ''default'' => ''1'',\n)', 1, '3,4', 99, 1, 1),
(50, 5, 'catid', '栏目', '', 1, 1, 6, '', '必须选择一个栏目', '', 'catid', '', 1, '', 0, 1, 1),
(51, 5, 'title', '标题', '', 1, 1, 80, '', '标题必须为1-80个字符', '', 'title', 'array (\n  ''thumb'' => ''1'',\n  ''style'' => ''1'',\n  ''size'' => ''55'',\n)', 1, '', 0, 1, 1),
(52, 5, 'keywords', '关键词', '', 0, 0, 80, '', '', '', 'text', 'array (\n  ''size'' => ''55'',\n  ''default'' => '''',\n  ''ispassword'' => ''0'',\n  ''fieldtype'' => ''varchar'',\n)', 1, '', 0, 1, 1),
(53, 5, 'description', 'SEO简介', '', 0, 0, 0, '', '', '', 'textarea', 'array (\n  ''fieldtype'' => ''mediumtext'',\n  ''rows'' => ''4'',\n  ''cols'' => ''55'',\n  ''default'' => '''',\n)', 1, '', 0, 1, 1),
(54, 5, 'content', '内容', '', 0, 0, 0, '', '', '', 'editor', 'array (\n  ''toolbar'' => ''full'',\n  ''default'' => '''',\n  ''height'' => '''',\n  ''showpage'' => ''1'',\n  ''enablekeylink'' => ''0'',\n  ''replacenum'' => '''',\n  ''enablesaveimage'' => ''0'',\n  ''flashupload'' => ''1'',\n  ''alowuploadexts'' => '''',\n)', 1, '', 10, 1, 1),
(55, 5, 'createtime', '发布时间', '', 1, 0, 0, '', '', '', 'datetime', '', 1, '3,4', 93, 1, 1),
(56, 5, 'recommend', '允许评论', '', 0, 0, 1, '', '', '', 'radio', 'array (\n  ''options'' => ''允许评论|1\r\n不允许评论|0'',\n  ''fieldtype'' => ''tinyint'',\n  ''numbertype'' => ''1'',\n  ''labelwidth'' => '''',\n  ''default'' => '''',\n)', 1, '3,4', 0, 0, 0),
(57, 5, 'readpoint', '阅读收费', '', 0, 0, 5, '', '', '', 'number', 'array (\n  ''size'' => ''5'',\n  ''numbertype'' => ''1'',\n  ''decimaldigits'' => ''0'',\n  ''default'' => ''0'',\n)', 1, '3,4', 0, 0, 0),
(58, 5, 'hits', '点击次数', '', 0, 0, 8, '', '', '', 'number', 'array (\n  ''size'' => ''10'',\n  ''numbertype'' => ''1'',\n  ''decimaldigits'' => ''0'',\n  ''default'' => ''0'',\n)', 1, '', 0, 0, 0),
(59, 5, 'readgroup', '访问权限', '', 0, 0, 0, '', '', '', 'groupid', 'array (\n  ''inputtype'' => ''checkbox'',\n  ''fieldtype'' => ''tinyint'',\n  ''labelwidth'' => ''85'',\n  ''default'' => '''',\n)', 1, '3,4', 96, 0, 1),
(60, 5, 'posid', '推荐位', '', 0, 0, 0, '', '', '', 'posid', '', 1, '3,4', 97, 1, 1),
(61, 5, 'template', '模板', '', 0, 0, 0, '', '', '', 'template', '', 1, '3,4', 98, 1, 1),
(62, 5, 'status', '状态', '', 0, 0, 0, '', '', '', 'radio', 'array (\n  ''options'' => ''发布|1\r\n定时发布|0'',\n  ''fieldtype'' => ''tinyint'',\n  ''numbertype'' => ''1'',\n  ''labelwidth'' => ''75'',\n  ''default'' => ''1'',\n)', 1, '3,4', 99, 1, 1),
(63, 3, 'pics', '图片', '', 0, 0, 0, '', '', '', 'images', 'array (\n  ''size'' => ''55'',\n  ''default'' => '''',\n  ''upload_maxnum'' => ''10'',\n  ''upload_maxsize'' => ''2'',\n  ''upload_allowext'' => ''jpeg,jpg,gif'',\n  ''watermark'' => ''0'',\n  ''more'' => ''1'',\n)', 1, '', 0, 1, 0),
(64, 4, 'pics', '图组', '', 0, 0, 0, '', '', '', 'images', 'array (\n  ''size'' => ''55'',\n  ''default'' => '''',\n  ''upload_maxnum'' => ''20'',\n  ''upload_maxsize'' => ''2'',\n  ''upload_allowext'' => ''jpeg,jpg,png,gif'',\n  ''watermark'' => ''0'',\n  ''more'' => ''1'',\n)', 1, '', 0, 1, 0),
(65, 5, 'file', '上传文件', '', 0, 0, 0, '', '', '', 'file', 'array (\n  ''size'' => ''55'',\n  ''default'' => '''',\n  ''upload_maxsize'' => ''2'',\n  ''upload_allowext'' => ''zip,rar,doc,ppt'',\n  ''more'' => ''1'',\n)', 1, '', 0, 1, 0),
(66, 5, 'ext', '文档类型', '', 0, 0, 10, '', '', '', 'text', 'array (\n  ''size'' => ''10'',\n  ''default'' => '''',\n  ''ispassword'' => ''0'',\n  ''fieldtype'' => ''varchar'',\n)', 1, '', 0, 1, 0),
(67, 5, 'size', '文档大小', '', 0, 0, 10, '', '', '', 'text', 'array (\n  ''size'' => ''10'',\n  ''default'' => '''',\n  ''ispassword'' => ''0'',\n  ''fieldtype'' => ''varchar'',\n)', 1, '', 0, 1, 0),
(68, 5, 'downs', '下载次数', '', 0, 0, 0, '', '', '', 'number', 'array (\n  ''size'' => ''10'',\n  ''numbertype'' => ''1'',\n  ''decimaldigits'' => ''0'',\n  ''default'' => '''',\n)', 1, '', 0, 0, 0),
(69, 6, 'username', '姓名', '', 1, 2, 20, 'cn_username', '', '', 'text', 'array (\n  ''size'' => ''10'',\n  ''default'' => '''',\n  ''ispassword'' => ''0'',\n  ''fieldtype'' => ''varchar'',\n)', 1, '', 2, 1, 0),
(70, 6, 'telephone', '电话', '', 0, 0, 0, 'tel', '', '', 'text', 'array (\n  ''size'' => ''20'',\n  ''default'' => '''',\n  ''ispassword'' => ''0'',\n  ''fieldtype'' => ''varchar'',\n)', 1, '', 4, 1, 0),
(71, 6, 'email', '邮箱', '', 1, 0, 50, 'email', '', '', 'text', 'array (\n  ''size'' => ''20'',\n  ''default'' => '''',\n  ''ispassword'' => ''0'',\n  ''fieldtype'' => ''varchar'',\n)', 1, '', 2, 1, 0),
(72, 6, 'content', '内容', '', 1, 4, 200, '', '', '', 'textarea', 'array (\n  ''fieldtype'' => ''mediumtext'',\n  ''rows'' => ''5'',\n  ''cols'' => ''60'',\n  ''default'' => '''',\n)', 1, '', 5, 1, 0),
(81, 7, 'status', '状态', '', 0, 0, 1, '', '', '', 'radio', 'array (\n  ''options'' => ''已审核|1\r\n未审核|0'',\n  ''fieldtype'' => ''tinyint'',\n  ''numbertype'' => ''1'',\n  ''labelwidth'' => ''75'',\n  ''default'' => ''1'',\n)', 1, '3,4', 99, 1, 1),
(73, 6, 'ip', '提交IP', '', 0, 0, 0, '', '', '', 'text', 'array (\n  ''size'' => ''20'',\n  ''default'' => '''',\n  ''ispassword'' => ''0'',\n  ''fieldtype'' => ''varchar'',\n)', 0, '3,4', 6, 1, 0),
(74, 6, 'title', '标题', '', 1, 4, 50, '', '', '', 'text', 'array (\n  ''size'' => ''40'',\n  ''default'' => '''',\n  ''ispassword'' => ''0'',\n  ''fieldtype'' => ''varchar'',\n)', 1, '3,4', 1, 1, 0),
(80, 35, 'createtime', '发布时间', '', 1, 0, 0, '', '', '', 'datetime', '', 1, '3,4', 93, 1, 1),
(76, 6, 'createtime', '提交时间', '', 0, 0, 0, '', '', '', 'datetime', '', 0, '3,4', 98, 1, 0),
(79, 6, 'typeid', '反馈类别', '', 0, 0, 0, '', '', '', 'typeid', 'array (\n  ''inputtype'' => ''select'',\n  ''fieldtype'' => ''smallint'',\n  ''numbertype'' => ''1'',\n  ''labelwidth'' => '''',\n  ''default'' => ''4'',\n)', 1, '', 0, 1, 0),
(78, 6, 'status', '审核状态', '', 0, 0, 1, '', '', '', 'radio', 'array (\n  ''options'' => ''己审核|1\r\n未审核|0'',\n  ''fieldtype'' => ''tinyint'',\n  ''numbertype'' => ''1'',\n  ''labelwidth'' => '''',\n  ''default'' => ''0'',\n)', 0, '3,4', 99, 1, 0),
(82, 7, 'name', '网站名称', '', 1, 2, 50, '', '', '', 'text', 'array (\n  ''size'' => ''40'',\n  ''default'' => '''',\n  ''ispassword'' => ''0'',\n  ''fieldtype'' => ''varchar'',\n)', 1, '', 1, 1, 0),
(83, 7, 'logo', '网站LOGO', '', 0, 0, 0, '', '', '', 'image', 'array (\n  ''size'' => ''50'',\n  ''default'' => '''',\n  ''upload_maxsize'' => '''',\n  ''upload_allowext'' => ''jpg,jpeg,gif,png'',\n  ''watermark'' => ''0'',\n  ''more'' => ''0'',\n)', 1, '', 2, 1, 0),
(84, 7, 'siteurl', '网站地址', '', 1, 10, 150, 'url', '', '', 'text', 'array (\n  ''size'' => ''50'',\n  ''default'' => '''',\n  ''ispassword'' => ''0'',\n  ''fieldtype'' => ''varchar'',\n)', 1, '', 3, 1, 0),
(85, 7, 'typeid', '友情链接分类', '', 0, 0, 0, '', '', '', 'typeid', 'array (\n  ''inputtype'' => ''select'',\n  ''fieldtype'' => ''smallint'',\n  ''numbertype'' => ''1'',\n  ''labelwidth'' => '''',\n  ''default'' => ''1'',\n)', 1, '', 0, 1, 0),
(86, 7, 'linktype', '链接类型', '', 0, 0, 1, '', '', '', 'radio', 'array (\n  ''options'' => ''文字链接|1\r\nLOGO链接|2'',\n  ''fieldtype'' => ''tinyint'',\n  ''numbertype'' => ''1'',\n  ''labelwidth'' => '''',\n  ''default'' => ''1'',\n)', 1, '', 0, 1, 0),
(87, 7, 'siteinfo', '站点简介', '', 0, 0, 0, '', '', '', 'textarea', 'array (\n  ''fieldtype'' => ''mediumtext'',\n  ''rows'' => ''3'',\n  ''cols'' => ''60'',\n  ''default'' => '''',\n)', 1, '', 4, 1, 0),
(88, 8, 'createtime', '提交时间', '', 1, 0, 0, '', '', '', 'datetime', '', 0, '3,4', 93, 1, 1),
(89, 8, 'status', '状态', '', 0, 0, 0, '', '', '', 'radio', 'array (\n  ''options'' => ''已审核|1\r\n未审核|0'',\n  ''fieldtype'' => ''tinyint'',\n  ''numbertype'' => ''1'',\n  ''labelwidth'' => ''75'',\n  ''default'' => ''0'',\n)', 0, '3,4', 99, 1, 1),
(90, 8, 'title', '标题', '', 1, 2, 50, '', '', '', 'text', 'array (\n  ''size'' => ''40'',\n  ''default'' => '''',\n  ''ispassword'' => ''0'',\n  ''fieldtype'' => ''varchar'',\n)', 1, '', 0, 1, 0),
(91, 8, 'username', '姓名', '', 1, 2, 20, '', '', '', 'text', 'array (\n  ''size'' => ''10'',\n  ''default'' => '''',\n  ''ispassword'' => ''0'',\n  ''fieldtype'' => ''varchar'',\n)', 1, '', 0, 1, 0),
(92, 8, 'telephone', '电话', '', 0, 0, 0, 'tel', '', '', 'text', 'array (\n  ''size'' => ''20'',\n  ''default'' => '''',\n  ''ispassword'' => ''0'',\n  ''fieldtype'' => ''varchar'',\n)', 1, '', 1, 1, 0),
(93, 8, 'email', '邮箱', '', 1, 0, 40, 'email', '', '', 'text', 'array (\n  ''size'' => ''20'',\n  ''default'' => '''',\n  ''ispassword'' => ''0'',\n  ''fieldtype'' => ''varchar'',\n)', 1, '', 0, 1, 0),
(94, 8, 'content', '内容', '', 1, 2, 200, '', '', '', 'textarea', 'array (\n  ''fieldtype'' => ''mediumtext'',\n  ''rows'' => ''4'',\n  ''cols'' => ''50'',\n  ''default'' => '''',\n)', 1, '', 10, 1, 0),
(95, 8, 'reply_content', '回复', '', 0, 0, 0, '', '', '', 'textarea', 'array (\n  ''fieldtype'' => ''mediumtext'',\n  ''rows'' => ''4'',\n  ''cols'' => ''50'',\n  ''default'' => '''',\n)', 0, '3,4', 10, 1, 0),
(96, 8, 'ip', 'IP', '', 0, 0, 15, '', '', '', 'text', 'array (\n  ''size'' => ''15'',\n  ''default'' => '''',\n  ''ispassword'' => ''0'',\n  ''fieldtype'' => ''varchar'',\n)', 0, '3,4', 90, 1, 0),
(97, 9, 'createtime', '发布时间', '', 1, 0, 0, '', '', '', 'datetime', '', 0, '3,4', 93, 1, 1),
(98, 9, 'status', '状态', '', 0, 0, 0, '', '', '', 'radio', 'array (\n  ''options'' => ''已审核|1\r\n未审核|0'',\n  ''fieldtype'' => ''tinyint'',\n  ''numbertype'' => ''1'',\n  ''labelwidth'' => ''75'',\n  ''default'' => ''1'',\n)', 0, '3,4', 99, 1, 1),
(99, 9, 'name', '客服名称', '', 0, 2, 20, '', '', '', 'text', 'array (\n  ''size'' => ''20'',\n  ''default'' => '''',\n  ''ispassword'' => ''0'',\n  ''fieldtype'' => ''varchar'',\n)', 0, '', 0, 1, 0),
(100, 9, 'type', '客服类型', '', 1, 1, 2, '0', '', '', 'select', 'array (\n  ''options'' => ''QQ|1\r\nMSN|2\r\n旺旺|3\r\n贸易通|6\r\n电话|4\r\n代码|5'',\n  ''multiple'' => ''0'',\n  ''fieldtype'' => ''tinyint'',\n  ''numbertype'' => ''1'',\n  ''size'' => '''',\n  ''default'' => '''',\n)', 0, '', 0, 1, 0),
(101, 9, 'code', 'ID或代码', '', 0, 2, 0, '0', '', '', 'textarea', 'array (\n  ''fieldtype'' => ''mediumtext'',\n  ''rows'' => ''4'',\n  ''cols'' => ''50'',\n  ''default'' => '''',\n)', 0, '', 10, 1, 0),
(102, 9, 'skin', '风格样式', '', 0, 0, 3, '0', '', '', 'select', 'array (\n  ''options'' => ''无风格图标|0\r\nQQ风格1|q1\r\nQQ风格2|q2\r\nQQ风格3|q3\r\nQQ风格4|q4\r\nQQ风格5|q5\r\nQQ风格6|q6\r\nQQ风格7|q7\r\nMSN小图|m1\r\nMSN大图1|m2\r\nMSN大图2|m3\r\nMSN大图3|m4\r\n旺旺小图|w2\r\n旺旺大图|w1\r\n贸易通|al1'',\n  ''multiple'' => ''0'',\n  ''fieldtype'' => ''varchar'',\n  ''numbertype'' => ''1'',\n  ''size'' => '''',\n  ''default'' => '''',\n)', 0, '', 0, 1, 0);

-- --------------------------------------------------------

--
-- 表的结构 `ssyhn_guestbook`
--

DROP TABLE IF EXISTS `ssyhn_guestbook`;
CREATE TABLE IF NOT EXISTS `ssyhn_guestbook` (
  `id` int(11) unsigned NOT NULL AUTO_INCREMENT,
  `title` varchar(50) NOT NULL DEFAULT '',
  `status` tinyint(3) unsigned NOT NULL DEFAULT '1',
  `listorder` int(10) unsigned NOT NULL DEFAULT '0',
  `createtime` int(11) unsigned NOT NULL DEFAULT '0',
  `username` varchar(20) NOT NULL DEFAULT '',
  `telephone` varchar(255) NOT NULL DEFAULT '',
  `email` varchar(40) NOT NULL DEFAULT '',
  `content` mediumtext NOT NULL,
  `reply_content` mediumtext NOT NULL,
  `ip` varchar(15) NOT NULL DEFAULT '',
  `userid` int(11) unsigned NOT NULL DEFAULT '0',
  `lang` tinyint(1) unsigned NOT NULL DEFAULT '0',
  PRIMARY KEY (`id`)
) ENGINE=MyISAM DEFAULT CHARSET=utf8 AUTO_INCREMENT=1 ;

--
-- 导出表中的数据 `ssyhn_guestbook`
--


-- --------------------------------------------------------

--
-- 表的结构 `ssyhn_kefu`
--

DROP TABLE IF EXISTS `ssyhn_kefu`;
CREATE TABLE IF NOT EXISTS `ssyhn_kefu` (
  `id` int(11) unsigned NOT NULL AUTO_INCREMENT,
  `status` tinyint(1) unsigned NOT NULL DEFAULT '0',
  `listorder` int(10) unsigned NOT NULL DEFAULT '0',
  `createtime` int(11) unsigned NOT NULL DEFAULT '0',
  `name` varchar(20) NOT NULL DEFAULT '',
  `type` tinyint(2) unsigned NOT NULL DEFAULT '0',
  `code` mediumtext NOT NULL,
  `skin` varchar(3) NOT NULL DEFAULT '0',
  `lang` tinyint(1) unsigned NOT NULL DEFAULT '0',
  PRIMARY KEY (`id`)
) ENGINE=MyISAM  DEFAULT CHARSET=utf8 AUTO_INCREMENT=6 ;

--
-- 导出表中的数据 `ssyhn_kefu`
--

INSERT INTO `ssyhn_kefu` (`id`, `status`, `listorder`, `createtime`, `name`, `type`, `code`, `skin`, `lang`) VALUES
(1, 1, 4, 1306807701, '咨询电话', 4, '0317-5022625', '0', 1),
(2, 1, 3, 1306808886, 'QQ客服', 1, '2579766780', 'q3', 1),
(3, 1, 0, 1306830001, '旺旺客服', 3, 'snliuxun', 'w1', 1);

-- --------------------------------------------------------

--
-- 表的结构 `ssyhn_lang`
--

DROP TABLE IF EXISTS `ssyhn_lang`;
CREATE TABLE IF NOT EXISTS `ssyhn_lang` (
  `id` int(10) NOT NULL AUTO_INCREMENT,
  `name` varchar(30) NOT NULL DEFAULT '',
  `mark` varchar(30) NOT NULL DEFAULT '',
  `flag` varchar(100) NOT NULL DEFAULT '',
  `status` tinyint(1) unsigned NOT NULL DEFAULT '0',
  `path` varchar(30) NOT NULL DEFAULT '',
  `domain` varchar(30) NOT NULL DEFAULT '',
  `listorder` smallint(5) unsigned NOT NULL DEFAULT '0',
  PRIMARY KEY (`id`)
) ENGINE=MyISAM  DEFAULT CHARSET=utf8 AUTO_INCREMENT=3 ;

--
-- 导出表中的数据 `ssyhn_lang`
--

INSERT INTO `ssyhn_lang` (`id`, `name`, `mark`, `flag`, `status`, `path`, `domain`, `listorder`) VALUES
(1, '中文', 'cn', 'cn.gif', 1, '', '', 1),
(2, '英文', 'en', 'en.gif', 1, '', '', 2);

-- --------------------------------------------------------

--
-- 表的结构 `ssyhn_link`
--

DROP TABLE IF EXISTS `ssyhn_link`;
CREATE TABLE IF NOT EXISTS `ssyhn_link` (
  `id` int(11) unsigned NOT NULL AUTO_INCREMENT,
  `status` tinyint(1) unsigned NOT NULL DEFAULT '1',
  `listorder` int(10) unsigned NOT NULL DEFAULT '0',
  `createtime` int(11) unsigned NOT NULL DEFAULT '0',
  `name` varchar(50) NOT NULL DEFAULT '',
  `logo` varchar(80) NOT NULL DEFAULT '',
  `siteurl` varchar(150) NOT NULL DEFAULT '',
  `typeid` smallint(5) unsigned NOT NULL,
  `linktype` tinyint(1) unsigned NOT NULL DEFAULT '1',
  `siteinfo` mediumtext NOT NULL,
  `lang` tinyint(1) unsigned NOT NULL DEFAULT '0',
  PRIMARY KEY (`id`),
  KEY `lang` (`lang`)
) ENGINE=MyISAM  DEFAULT CHARSET=utf8 AUTO_INCREMENT=3 ;

--
-- 导出表中的数据 `ssyhn_link`
--

INSERT INTO `ssyhn_link` (`id`, `status`, `listorder`, `createtime`, `name`, `logo`, `siteurl`, `typeid`, `linktype`, `siteinfo`, `lang`) VALUES
(1, 1, 0, 1306547518, 'BAIDU', 'http://www.baidu.com/search/img/logo.gif', 'http://www.baidu.com', 2, 2, 'BAIDU', 1),
(2, 1, 0, 1306554684, 'BAIDU', '', 'http://www.baidu.com', 2, 1, '', 1);

-- --------------------------------------------------------

--
-- 表的结构 `ssyhn_menu`
--

DROP TABLE IF EXISTS `ssyhn_menu`;
CREATE TABLE IF NOT EXISTS `ssyhn_menu` (
  `id` smallint(6) unsigned NOT NULL AUTO_INCREMENT,
  `parentid` smallint(6) unsigned NOT NULL DEFAULT '0',
  `model` char(20) NOT NULL DEFAULT '',
  `action` char(20) NOT NULL DEFAULT '',
  `data` char(50) NOT NULL DEFAULT '',
  `type` tinyint(1) NOT NULL DEFAULT '0',
  `status` tinyint(1) unsigned NOT NULL DEFAULT '0',
  `group_id` tinyint(3) unsigned NOT NULL DEFAULT '0',
  `name` varchar(50) NOT NULL DEFAULT '',
  `remark` varchar(255) NOT NULL DEFAULT '',
  `listorder` smallint(6) unsigned NOT NULL DEFAULT '0',
  PRIMARY KEY (`id`),
  KEY `status` (`status`),
  KEY `parentid` (`parentid`),
  KEY `model` (`model`)
) ENGINE=MyISAM  DEFAULT CHARSET=utf8 AUTO_INCREMENT=83 ;

--
-- 导出表中的数据 `ssyhn_menu`
--

INSERT INTO `ssyhn_menu` (`id`, `parentid`, `model`, `action`, `data`, `type`, `status`, `group_id`, `name`, `remark`, `listorder`) VALUES
(1, 0, 'Index', 'main', 'menuid=42', 1, 1, 0, '后台首页', '', 0),
(2, 0, 'Config', '', 'menuid=50', 1, 1, 0, '系统设置', '系统设置', 1),
(3, 0, 'Category', '', 'menuid=17', 1, 1, 0, '内容管理', '模型管理', 2),
(4, 0, 'Module', 'index', 'type=2&menuid=51', 1, 1, 0, '模块管理', '', 4),
(5, 0, 'User', '', 'menuid=9', 1, 1, 0, '会员管理', '', 90),
(6, 0, 'Createhtml', '', 'menuid=33', 1, 1, 0, '网站更新', '', 99),
(7, 0, 'Template', 'index', 'menuid=60', 1, 1, 0, '模板管理', '', 99),
(39, 2, 'Menu', '', '', 1, 1, 0, '后台管理菜单', '后台管理菜单', 11),
(15, 39, 'Menu', 'add', '', 1, 1, 0, '添加菜单', '', 0),
(50, 2, 'Config', '', '', 1, 1, 0, '站点配置', '', 0),
(22, 3, 'Product', '', '', 1, 1, 0, '产品模型', '', 3),
(8, 50, 'Config', 'sys', '', 1, 1, 0, '系统参数', '', 0),
(32, 50, 'Config', 'member', '', 1, 1, 0, '用户中心设置', '', 0),
(59, 50, 'Config', 'add', '', 1, 1, 0, '添加系统变量', '', 99),
(9, 5, 'User', '', '', 1, 1, 0, '会员资料管理', '', 0),
(10, 9, 'User', 'add', '', 1, 1, 0, '添加会员', '', 0),
(11, 5, 'Role', '', '', 1, 1, 0, '会员组管理', '', 0),
(12, 11, 'Role', 'add', '', 1, 1, 0, '添加会员组', '', 0),
(13, 5, 'Node', '', '', 1, 1, 0, '权限节点管理', '', 0),
(14, 13, 'Node', 'add', '', 1, 1, 0, '添加权限节点', '', 0),
(16, 3, 'Module', '', '', 1, 1, 0, '模型管理', '', 99),
(17, 3, 'Category', '', '', 1, 1, 0, '栏目管理', '栏目管理', 1),
(18, 16, 'Module', 'add', '', 1, 1, 0, '添加模型', '', 0),
(19, 17, 'Category', 'add', '', 1, 1, 0, '添加栏目', '', 0),
(20, 3, 'Article', '', '', 1, 1, 0, '文章模型', '', 2),
(21, 20, 'Article', 'add', '', 1, 1, 0, '添加文章', '', 0),
(23, 2, 'Posid', '', '', 1, 1, 0, '推荐位管理', '', 0),
(24, 23, 'Posid', 'add', '', 1, 1, 0, '添加推荐位', '', 0),
(25, 22, 'Product', 'add', '', 1, 1, 0, '添加产品', '', 0),
(26, 3, 'Picture', '', '', 1, 1, 0, '图片模型', '', 4),
(27, 3, 'Download', '', '', 1, 1, 0, '下载模型', '', 5),
(28, 2, 'Type', '', '', 1, 1, 0, '类别管理', '', 6),
(29, 50, 'Config', 'mail', '', 1, 1, 0, '系统邮箱', '', 0),
(30, 50, 'Config', 'attach', '', 1, 1, 0, '附件配置', '', 0),
(31, 17, 'Category', 'repair_cache', '', 1, 1, 0, '恢复栏目数据', '', 0),
(33, 6, 'Createhtml', 'index', '', 1, 1, 0, '更新首页', '', 0),
(34, 6, 'Createhtml', 'Createlist', '', 1, 1, 0, '更新列表页', '', 0),
(35, 6, 'Createhtml', 'Createshow', '', 1, 1, 0, '更新内容页', '', 0),
(36, 6, 'Createhtml', 'Updateurl', '', 1, 1, 0, '更新内容页url', '', 0),
(37, 26, 'Picture', 'add', '', 1, 1, 0, '添加图片', '', 0),
(38, 27, 'Download', 'add', '', 1, 1, 0, '添加文件', '', 0),
(40, 1, 'Index', 'password', '', 1, 1, 0, '修改密码', '', 2),
(41, 1, 'Index', 'profile', '', 1, 1, 0, '个人资料', '', 3),
(42, 1, 'Index', 'main', '', 1, 1, 0, '后台首页', '', 1),
(43, 17, 'Category', 'add', '&type=1', 1, 1, 0, '添加外部链接', '', 0),
(44, 2, 'Database', '', '', 1, 1, 0, '数据库管理', '', 0),
(45, 44, 'Database', 'query', '', 1, 1, 0, '执行SQL语句', '', 0),
(46, 44, 'Database', 'recover', '', 1, 1, 0, '恢复数据库', '', 0),
(47, 1, 'Index', 'cache', 'menuid=47', 1, 1, 0, '更新缓存', '', 4),
(48, 51, 'Module', 'add', 'type=2', 1, 1, 0, '创建模块', '', 0),
(49, 3, 'Feedback', 'index', '', 1, 1, 0, '信息反馈', '信息反馈', 7),
(51, 4, 'Module', 'index', 'type=2', 1, 1, 0, '模块管理', '', 0),
(52, 28, 'Type', 'add', '', 1, 1, 0, '添加类别', '', 0),
(53, 4, 'Link', 'index', '', 1, 1, 0, '友情链接', '', 0),
(54, 53, 'Link', 'add', '', 1, 1, 0, '添加链接', '', 0),
(55, 3, 'Guestbook', 'index', '', 1, 1, 0, '在线留言', '', 8),
(56, 4, 'Kefu', 'index', '', 1, 1, 0, '在线客服', '', 0),
(57, 56, 'Kefu', 'add', '', 1, 1, 0, '添加客服', '', 0),
(58, 4, 'Order', 'index', '', 1, 1, 0, '订单管理', '', 0),
(60, 7, 'Template', 'index', '', 1, 1, 0, '模板管理', '', 0),
(61, 60, 'Template', 'add', '', 1, 1, 0, '添加模板', '', 0),
(62, 60, 'Template', 'index', 'type=css', 1, 1, 0, 'CSS管理', '', 0),
(63, 60, 'Template', 'index', 'type=js', 1, 1, 0, 'JS管理', '', 0),
(64, 60, 'Template', 'images', '', 1, 1, 0, '媒体文件管理', '', 0),
(65, 7, 'Theme', 'index', 'menuid=65', 1, 1, 0, '风格管理', '', 0),
(66, 65, 'Theme', 'upload', '', 1, 1, 0, '上传风格', '', 0),
(67, 2, 'Urlrule', 'index', '', 1, 1, 0, 'URL规则', '', 0),
(68, 67, 'Urlrule', 'add', '', 1, 1, 0, '添加规则', '', 0),
(69, 2, 'Dbsource', 'index', '', 1, 1, 0, 'DB数据源', '', 0),
(70, 69, 'Dbsource', 'add', '', 1, 1, 0, '添加数据源', '', 0),
(71, 2, 'Lang', 'index', '', 1, 0, 0, '多语言管理', '语言管理', 0),
(72, 71, 'Lang', 'add', '', 1, 0, 0, '添加语言', '', 0),
(73, 71, 'Lang', 'param', '', 1, 0, 0, '设置语言包', '', 0),
(74, 7, 'Block', 'index', '', 1, 1, 0, '碎片管理', '', 0),
(75, 74, 'Block', 'add', '', 1, 1, 0, '添加碎片', '', 0),
(76, 60, 'Template', 'config', '', 1, 1, 0, '模板参数配置', '', 0),
(77, 7, 'Slide', 'index', '', 1, 1, 0, '幻灯片管理', '', 0),
(78, 77, 'Slide', 'add', '', 1, 1, 0, '添加幻灯片', '', 0),
(79, 4, 'Payment', 'index', '', 1, 1, 0, '在线支付', '', 0),
(80, 79, 'Shipping', '', '', 1, 1, 0, '配送方式', '', 0),
(81, 79, 'Shipping', 'add', 'isajax=1', 1, 1, 0, '添加配送方式', '', 0),
(82, 58, 'Order', 'orderlist', '', 1, 1, 0, '单据管理', '', 0);

-- --------------------------------------------------------

--
-- 表的结构 `ssyhn_module`
--

DROP TABLE IF EXISTS `ssyhn_module`;
CREATE TABLE IF NOT EXISTS `ssyhn_module` (
  `id` tinyint(3) unsigned NOT NULL AUTO_INCREMENT,
  `title` varchar(100) NOT NULL DEFAULT '',
  `name` varchar(50) NOT NULL DEFAULT '',
  `description` varchar(200) NOT NULL DEFAULT '',
  `type` tinyint(1) unsigned NOT NULL DEFAULT '0',
  `issystem` tinyint(1) unsigned NOT NULL DEFAULT '0',
  `issearch` tinyint(1) unsigned NOT NULL DEFAULT '0',
  `listfields` varchar(255) NOT NULL DEFAULT '',
  `setup` mediumtext NOT NULL,
  `listorder` smallint(3) unsigned NOT NULL DEFAULT '0',
  `status` tinyint(1) unsigned NOT NULL DEFAULT '0',
  `postgroup` varchar(100) NOT NULL DEFAULT '',
  `ispost` tinyint(1) unsigned NOT NULL DEFAULT '0',
  PRIMARY KEY (`id`)
) ENGINE=MyISAM  DEFAULT CHARSET=utf8 AUTO_INCREMENT=10 ;

--
-- 导出表中的数据 `ssyhn_module`
--

INSERT INTO `ssyhn_module` (`id`, `title`, `name`, `description`, `type`, `issystem`, `issearch`, `listfields`, `setup`, `listorder`, `status`, `postgroup`, `ispost`) VALUES
(1, '单页模型', 'Page', '单页模型', 1, 1, 0, '*', '', 0, 1, '', 0),
(2, '文章模型', 'Article', '新闻文章', 1, 1, 1, 'id,catid,url,title,title_style,userid,username,hits,keywords,description,thumb,createtime,status,listorder', '', 0, 1, '', 0),
(3, '产品模型', 'Product', '产品展示', 1, 1, 1, 'id,catid,url,title,title_style,userid,username,hits,keywords,description,thumb,createtime,status,xinghao,price,listorder', '', 0, 1, '', 0),
(4, '图片模型', 'Picture', '图片展示', 1, 1, 1, 'id,catid,url,title,title_style,userid,username,hits,keywords,description,thumb,createtime,status,listorder', '', 0, 1, '', 0),
(5, '下载模型', 'Download', '文件下载', 1, 1, 1, 'id,catid,url,title,title_style,userid,username,hits,keywords,description,thumb,createtime,status,ext,size,listorder', '', 0, 1, '', 0),
(6, '信息反馈', 'Feedback', '信息反馈', 1, 0, 0, '*', '', 0, 1, '1,2,3,4', 0),
(7, '友情链接', 'Link', '友情链接', 2, 0, 0, '*', '', 0, 1, '', 0),
(8, '在线留言', 'Guestbook', '在线留言', 1, 0, 0, '*', '', 0, 1, '1,2,3,4', 0),
(9, '在线客服', 'Kefu', '在线客服', 2, 0, 0, '*', '', 0, 1, '', 0);

-- --------------------------------------------------------

--
-- 表的结构 `ssyhn_node`
--

DROP TABLE IF EXISTS `ssyhn_node`;
CREATE TABLE IF NOT EXISTS `ssyhn_node` (
  `id` smallint(5) unsigned NOT NULL AUTO_INCREMENT,
  `name` varchar(20) NOT NULL DEFAULT '',
  `title` varchar(50) NOT NULL DEFAULT '',
  `status` tinyint(3) unsigned NOT NULL DEFAULT '0',
  `remark` varchar(255) NOT NULL DEFAULT '',
  `listorder` smallint(5) unsigned NOT NULL DEFAULT '0',
  `pid` smallint(5) unsigned NOT NULL DEFAULT '0',
  `level` tinyint(3) unsigned NOT NULL DEFAULT '0',
  `groupid` tinyint(3) unsigned NOT NULL DEFAULT '0',
  PRIMARY KEY (`id`),
  KEY `name` (`name`,`status`,`pid`)
) ENGINE=MyISAM  DEFAULT CHARSET=utf8 AUTO_INCREMENT=159 ;

--
-- 导出表中的数据 `ssyhn_node`
--

INSERT INTO `ssyhn_node` (`id`, `name`, `title`, `status`, `remark`, `listorder`, `pid`, `level`, `groupid`) VALUES
(1, 'Admin', '后台管理', 1, '后台项目', 0, 0, 1, 0),
(2, 'Index', '后台默认', 1, '', 0, 1, 2, 1),
(3, 'Config', '站点配置', 1, '', 0, 1, 2, 2),
(4, 'index', '站点配置', 1, '', 0, 3, 3, 2),
(5, 'sys', '系统参数', 1, '', 0, 3, 3, 2),
(6, 'member', '用户中心设置', 1, '', 0, 3, 3, 2),
(7, 'add', '添加变量', 1, '', 0, 3, 3, 2),
(8, 'Menu', '菜单管理', 1, '', 0, 1, 2, 2),
(11, 'index', '默认动作', 1, '', 0, 2, 3, 1),
(12, 'Public', '全局操作', 1, '', 0, 1, 2, 0),
(13, 'index', '默认', 1, '', 0, 12, 3, 0),
(14, 'add', '添加', 1, '', 0, 12, 3, 0),
(15, 'edit', '编辑', 1, '', 0, 12, 3, 0),
(16, 'insert', '插入', 1, '', 0, 12, 3, 0),
(17, 'attach', '附件设置', 1, '', 0, 3, 3, 2),
(18, 'mail', '系统邮箱', 1, '', 0, 3, 3, 2),
(19, 'Posid', '推荐位', 1, '', 0, 1, 2, 2),
(21, 'update', '更新', 1, '', 0, 12, 3, 0),
(22, 'status', '状态', 1, '', 0, 12, 3, 0),
(23, 'deleteall', '批量删除', 1, '', 0, 12, 3, 0),
(24, 'delete', '删除', 1, '', 0, 12, 3, 0),
(25, 'listorder', '排序', 1, '', 0, 12, 3, 0),
(26, 'password', '修改密码', 1, '', 0, 2, 3, 1),
(27, 'profile', '个人资料', 1, '', 0, 2, 3, 1),
(28, 'cache', '更新缓存', 1, '', 0, 2, 3, 1),
(30, 'main', '系统信息', 1, '', 0, 2, 3, 1),
(40, 'Urlrule', 'URL规则', 1, '', 0, 1, 2, 2),
(48, 'Dbsource', 'DB数据源', 1, '', 0, 1, 2, 2),
(55, 'Type', '类别管理', 1, '', 0, 1, 2, 2),
(65, 'Lang', '多语言管理', 1, '', 0, 1, 2, 2),
(75, 'Database', '数据库管理', 1, '', 0, 1, 2, 2),
(76, 'docommand', '优化操作', 1, '', 0, 75, 3, 2),
(77, 'backup', '备份', 1, '', 0, 75, 3, 2),
(78, 'recover', '恢复', 1, '', 0, 75, 3, 2),
(79, 'query', 'sql查询', 1, '', 0, 75, 3, 2),
(80, 'doquery', '运行sql', 1, '', 0, 75, 3, 2),
(81, 'Category', '栏目管理', 1, '', 0, 1, 2, 3),
(88, 'repair_cache', '修复栏目数据', 1, '', 0, 81, 3, 3),
(90, 'Module', '模型管理', 1, '', 0, 1, 2, 3),
(98, 'Field', '模型字段', 1, '', 0, 1, 2, 3),
(107, 'Page', '单页模型', 1, '', 0, 1, 2, 3),
(110, 'Article', '文章模型', 1, '', 0, 1, 2, 3),
(111, 'Product', '产品模型', 1, '', 0, 1, 2, 3),
(112, 'Picture', '图片模型', 1, '', 0, 1, 2, 3),
(113, 'Download', '下载模型', 1, '', 0, 1, 2, 3),
(114, 'Feedback', '信息反馈', 1, '', 0, 1, 2, 3),
(115, 'Guestbook', '在线留言', 1, '', 0, 1, 2, 3),
(116, 'Link', '友情链接', 1, '', 0, 1, 2, 4),
(117, 'Kefu', '在线客服', 1, '', 0, 1, 2, 4),
(118, 'Order', '订单管理', 1, '', 0, 1, 2, 4),
(119, 'Payment', '在线支付', 1, '', 0, 1, 2, 4),
(120, 'Shipping', '配送方式', 1, '', 0, 1, 2, 4),
(121, 'User', '会员管理', 1, '', 0, 1, 2, 5),
(122, 'Role', '会员组管理', 1, '', 0, 1, 2, 5),
(123, 'Node', '节点管理', 1, '', 0, 1, 2, 5),
(124, 'Access', '授权查询', 1, '', 0, 1, 2, 5),
(125, 'Createhtml', '网站更新', 1, '', 0, 1, 2, 6),
(126, 'Template', '模板管理', 1, '', 0, 1, 2, 7),
(127, 'Theme', '模板管理', 1, '', 0, 1, 2, 7),
(128, 'Block', '碎片管理', 1, '', 0, 1, 2, 7),
(129, 'Slide', '幻灯片管理', 1, '', 0, 1, 2, 7),
(130, 'show', '查看订单', 1, '', 0, 118, 3, 4),
(131, 'index', '更新首页', 1, '', 0, 125, 3, 6),
(132, 'docreateindex', '生成首页', 1, '', 0, 125, 3, 6),
(133, 'createlist', '更新列表页', 1, '', 0, 125, 3, 6),
(134, 'createshow', '更新内容页', 1, '', 0, 125, 3, 6),
(135, 'updateurl', '更新url', 1, '', 0, 125, 3, 6),
(136, 'doCreatelist', '生成列表页', 1, '', 0, 125, 3, 6),
(137, 'doCreateshow', '生成内容页', 1, '', 0, 125, 3, 6),
(138, 'doUpdateurl', '生成url', 1, '', 0, 125, 3, 6),
(139, 'statusallok', '批量审核', 1, '', 0, 12, 3, 0),
(140, 'images', '媒体文件', 1, '', 0, 126, 3, 7),
(141, 'config', '模板参数', 1, '', 0, 126, 3, 7),
(142, 'index', '列表', 1, '', 0, 127, 3, 7),
(143, 'chose', '更换', 1, '', 0, 127, 3, 7),
(144, 'upload', '上传风格', 1, '', 0, 127, 3, 7),
(145, 'picmanage', '图片管理', 1, '', 0, 129, 3, 7),
(146, 'addpic', '添加图片', 1, '', 0, 129, 3, 7),
(147, 'editpic', '编辑图片', 1, '', 0, 129, 3, 7),
(148, 'insertpic', '插入图片', 1, '', 0, 129, 3, 7),
(149, 'updatepic', '更新图片', 1, '', 0, 129, 3, 7),
(150, 'listorder', '图片排序', 1, '', 0, 129, 3, 7),
(151, 'Attachment', '附件管理', 1, '', 0, 1, 2, 0),
(152, 'index', '默认操作', 1, '', 0, 151, 3, 0),
(153, 'upload', '上传文件', 1, '', 0, 151, 3, 0),
(154, 'filelist', '浏览文件', 1, '', 0, 151, 3, 0),
(155, 'delfile', '删除文件', 1, '', 0, 151, 3, 0),
(156, 'cleanfile', '清理文件', 1, '', 0, 151, 3, 0),
(158, 'testmail', '邮件测试', 1, '', 0, 3, 3, 2),
(157, 'dosite', '保存配置', 1, '', 0, 3, 3, 2);

-- --------------------------------------------------------

--
-- 表的结构 `ssyhn_online`
--

DROP TABLE IF EXISTS `ssyhn_online`;
CREATE TABLE IF NOT EXISTS `ssyhn_online` (
  `sessionid` char(32) NOT NULL,
  `userid` mediumint(8) unsigned NOT NULL DEFAULT '0',
  `username` varchar(50) NOT NULL DEFAULT '',
  `ip` char(15) NOT NULL,
  `lastvisit` int(11) unsigned NOT NULL DEFAULT '0',
  `groupid` tinyint(3) unsigned NOT NULL DEFAULT '0',
  PRIMARY KEY (`sessionid`),
  KEY `lastvisit` (`lastvisit`)
) ENGINE=MEMORY DEFAULT CHARSET=utf8;

--
-- 导出表中的数据 `ssyhn_online`
--

INSERT INTO `ssyhn_online` (`sessionid`, `userid`, `username`, `ip`, `lastvisit`, `groupid`) VALUES
('d2b44b0b8e3ed3129cd2b9410634c9e1', 0, '', '127.0.0.1', 1416741769, 4),
('3b3432dda4a4e4eb3d8e5d135dd6f195', 0, '', '127.0.0.1', 1416741537, 4);

-- --------------------------------------------------------

--
-- 表的结构 `ssyhn_order`
--

DROP TABLE IF EXISTS `ssyhn_order`;
CREATE TABLE IF NOT EXISTS `ssyhn_order` (
  `id` int(11) unsigned NOT NULL AUTO_INCREMENT,
  `sn` bigint(19) unsigned NOT NULL DEFAULT '0',
  `userid` mediumint(8) unsigned NOT NULL DEFAULT '0',
  `status` tinyint(1) unsigned NOT NULL DEFAULT '0',
  `pay_status` tinyint(1) unsigned NOT NULL DEFAULT '0',
  `shipping_status` tinyint(1) unsigned NOT NULL DEFAULT '0',
  `consignee` varchar(60) NOT NULL DEFAULT '',
  `country` smallint(5) unsigned NOT NULL DEFAULT '0',
  `province` smallint(5) unsigned NOT NULL DEFAULT '0',
  `city` smallint(5) unsigned NOT NULL DEFAULT '0',
  `area` smallint(5) unsigned NOT NULL DEFAULT '0',
  `address` varchar(255) NOT NULL DEFAULT '',
  `zipcode` varchar(60) NOT NULL DEFAULT '',
  `tel` varchar(60) NOT NULL DEFAULT '',
  `mobile` varchar(60) NOT NULL DEFAULT '',
  `email` varchar(60) NOT NULL DEFAULT '',
  `type` tinyint(1) unsigned NOT NULL DEFAULT '0',
  `shipping_id` tinyint(3) unsigned NOT NULL DEFAULT '0',
  `shipping_name` varchar(120) NOT NULL DEFAULT '',
  `shipping_sn` varchar(100) NOT NULL DEFAULT '',
  `pay_id` tinyint(3) unsigned NOT NULL DEFAULT '0',
  `pay_name` varchar(120) NOT NULL DEFAULT '',
  `pay_code` varchar(120) NOT NULL DEFAULT '',
  `amount` decimal(10,2) unsigned NOT NULL DEFAULT '0.00',
  `pay_fee` decimal(10,2) unsigned NOT NULL DEFAULT '0.00',
  `shipping_fee` decimal(10,2) unsigned NOT NULL DEFAULT '0.00',
  `insure_fee` decimal(10,2) unsigned NOT NULL DEFAULT '0.00',
  `invoice_fee` decimal(10,2) unsigned NOT NULL DEFAULT '0.00',
  `order_amount` decimal(10,2) unsigned NOT NULL DEFAULT '0.00',
  `discount` decimal(10,2) NOT NULL DEFAULT '0.00',
  `add_time` int(10) unsigned NOT NULL DEFAULT '0',
  `pay_time` int(10) unsigned NOT NULL DEFAULT '0',
  `shipping_time` int(10) unsigned NOT NULL DEFAULT '0',
  `accept_time` int(10) unsigned NOT NULL DEFAULT '0',
  `confirm_time` int(10) unsigned NOT NULL DEFAULT '0',
  `point` int(5) unsigned NOT NULL DEFAULT '0',
  `invoice` tinyint(1) unsigned NOT NULL DEFAULT '0',
  `invoice_title` varchar(100) NOT NULL DEFAULT '',
  `postmessage` varchar(255) NOT NULL DEFAULT '',
  `note` text NOT NULL,
  PRIMARY KEY (`id`),
  UNIQUE KEY `sn` (`sn`),
  KEY `userid` (`userid`),
  KEY `status` (`status`),
  KEY `shipping_status` (`shipping_status`),
  KEY `pay_status` (`pay_status`),
  KEY `shipping_id` (`shipping_id`),
  KEY `pay_id` (`pay_id`)
) ENGINE=MyISAM DEFAULT CHARSET=utf8 AUTO_INCREMENT=1 ;

--
-- 导出表中的数据 `ssyhn_order`
--


-- --------------------------------------------------------

--
-- 表的结构 `ssyhn_order_data`
--

DROP TABLE IF EXISTS `ssyhn_order_data`;
CREATE TABLE IF NOT EXISTS `ssyhn_order_data` (
  `id` int(11) unsigned NOT NULL AUTO_INCREMENT,
  `userid` mediumint(8) unsigned NOT NULL DEFAULT '0',
  `order_id` mediumint(8) unsigned NOT NULL DEFAULT '0',
  `moduleid` smallint(3) unsigned NOT NULL DEFAULT '0',
  `product_id` mediumint(8) unsigned NOT NULL DEFAULT '0',
  `product_thumb` varchar(120) NOT NULL DEFAULT '',
  `product_name` varchar(120) NOT NULL DEFAULT '',
  `product_url` varchar(120) NOT NULL DEFAULT '',
  `product_price` decimal(10,2) unsigned NOT NULL DEFAULT '0.00',
  `price` decimal(10,2) unsigned NOT NULL DEFAULT '0.00',
  `number` smallint(5) unsigned NOT NULL DEFAULT '0',
  `attr` text NOT NULL,
  `goods_attr_id` varchar(255) NOT NULL DEFAULT '',
  `type` tinyint(1) unsigned NOT NULL DEFAULT '0',
  `isgift` smallint(5) unsigned NOT NULL DEFAULT '0',
  PRIMARY KEY (`id`),
  KEY `order_id` (`order_id`),
  KEY `userid` (`userid`),
  KEY `product_id` (`product_id`)
) ENGINE=MyISAM DEFAULT CHARSET=utf8 AUTO_INCREMENT=1 ;

--
-- 导出表中的数据 `ssyhn_order_data`
--


-- --------------------------------------------------------

--
-- 表的结构 `ssyhn_page`
--

DROP TABLE IF EXISTS `ssyhn_page`;
CREATE TABLE IF NOT EXISTS `ssyhn_page` (
  `id` smallint(5) NOT NULL,
  `title` varchar(100) NOT NULL DEFAULT '',
  `thumb` varchar(100) NOT NULL DEFAULT '',
  `keywords` varchar(250) NOT NULL DEFAULT '',
  `description` mediumtext NOT NULL,
  `content` mediumtext NOT NULL,
  `template` varchar(30) NOT NULL DEFAULT '',
  `listorder` smallint(5) unsigned NOT NULL DEFAULT '0',
  PRIMARY KEY (`id`)
) ENGINE=MyISAM DEFAULT CHARSET=utf8;

--
-- 导出表中的数据 `ssyhn_page`
--

INSERT INTO `ssyhn_page` (`id`, `title`, `thumb`, `keywords`, `description`, `content`, `template`, `listorder`) VALUES
(8, '关于我们', '', '关于我们', '关于我们', '<p></p><span style="color: rgb(103, 103, 103); font-family: 宋体; font-size: 16px; line-height: 30px;">长沙十三亿环保科技有限公司正式成立于2008年，注册资金500万元，员工近百人，专业从事环境污染监测、治理，是一家集产品研发、生产、市场营销、物流管理于一体的大型综合化高科技企业。核心业务包括：招商加盟、室内空气检测仪器生产、室内环境治理药剂生产、各级渠道分销及终端零售，空气净化治理等。</span><br style="margin: 0px; padding: 0px; color: rgb(103, 103, 103); font-family: 宋体; line-height: 30px;" /><br style="margin: 0px; padding: 0px; color: rgb(103, 103, 103); font-family: 宋体; line-height: 30px;" /><span style="color: rgb(103, 103, 103); font-family: 宋体; font-size: 16px; line-height: 30px;">本司拥有大批资深技术研发人员，结合目前市场状况，针对家具、板材、经油漆处理的饰面材料、皮革、布料、胶水涂料等污染源，采用日本专业纳米净化技术和生产工艺为依托，成功研究出具有新一代科技成果的治理产品：甲醛清除剂、甲醛特效溶解酶、光触媒、苯氨清除剂、空气除味剂、空气净化机等相关治理产品，该系列产品是在实际施工中总结出的最有效的治理产品，物理加化学的治理方法能快速降解室内有毒、有害气体及病菌，不会造成二次污染且有效期长，被评为“中国绿色环保产品”，“ 质量、服务、信誉AAA品牌”等荣誉，并获得国家环保部门的认可，重点推广治理品牌产品。</span><br style="margin: 0px; padding: 0px; color: rgb(103, 103, 103); font-family: 宋体; line-height: 30px;" /><br style="margin: 0px; padding: 0px; color: rgb(103, 103, 103); font-family: 宋体; line-height: 30px;" /><span style="color: rgb(103, 103, 103); font-family: 宋体; font-size: 16px; line-height: 30px;">本司与国内外具有丰富专业检测技术经验及权威资质的实验室合作，使用TMP-1500电子定时采样器 、GC9800气相色谱仪等专业设备进行采样和分析，结果精确可靠，可出具国家CMA计量认证检测报告和向装修公司或家庭推出的AHMT监测报告。治理施工人员技术精湛，经验丰富，成功的为成千上万客户解决了室内空气污染危害的困扰，被净化协会授予“室内环境净化治理一级施工企业”称号。</span><br style="margin: 0px; padding: 0px; color: rgb(103, 103, 103); font-family: 宋体; line-height: 30px;" /><br style="margin: 0px; padding: 0px; color: rgb(103, 103, 103); font-family: 宋体; line-height: 30px;" /><span style="color: rgb(103, 103, 103); font-family: 宋体; font-size: 16px; line-height: 30px;">公司本着“诚信为本、求实创新、品质兼优、服务至上”的企业信念，以缔造物美价廉的产品为己任，为百姓提供更为安全、健康的空气净化产品为目标，不断促使我们进行技术革新、产品创新，以质优价廉的产品和无微不至的服务来回报社会和百姓。</span><p></p>', '', 0),
(11, '公司简介', '', '', '公司简介', '<p>\r\n	公司简介</p>\r\n', '', 0),
(12, '联系我们', '', '联系我们', '联系我们', '<p>\r\n	联系我们</p>\r\n', '', 0),
(13, '检测治理', '', '', '', '<table border="0" cellpadding="0" cellspacing="0" height="2186" id="__01" width="710" style="margin: 0px; padding: 0px; font-size: 12px; color: rgb(103, 103, 103); font-family: 宋体; line-height: 22px;"><tbody style="margin: 0px; padding: 0px;"><tr style="margin: 0px; padding: 0px;"><td style="margin: 0px; padding: 0px;"><img alt="" height="200" src="http://www.63hj.com/templets/default/imgs/wfjczl_01.jpg" width="710" style="margin: 0px; padding: 0px; vertical-align: middle; border: 0px;" /></td></tr><tr style="margin: 0px; padding: 0px;"><td style="margin: 0px; padding: 0px;"><img alt="" height="268" src="http://www.63hj.com/templets/default/imgs/wfjczl_02.jpg" width="710" style="margin: 0px; padding: 0px; vertical-align: middle; border: 0px;" /></td></tr><tr style="margin: 0px; padding: 0px;"><td style="margin: 0px; padding: 0px;"><img alt="" height="385" src="http://www.63hj.com/templets/default/imgs/wfjczl_03.jpg" width="710" style="margin: 0px; padding: 0px; vertical-align: middle; border: 0px;" /></td></tr><tr style="margin: 0px; padding: 0px;"><td background="http://www.63hj.com/templets/default/imgs/wfjczl_04.jpg" height="163" style="margin: 0px; padding: 0px;"><div style="margin: 0px 0px 0px 28px; padding: 0px; width: 660px;"><marquee behavior="alternate" class="show1" scrollamount="4" style="margin: 0px; padding: 0px;"><img src="http://www.63hj.com/templets/default/imgs/jiace/500mlj.jpg" style="margin: 0px; padding: 0px; vertical-align: middle; border: 0px;" alt="" />&nbsp;<img src="http://www.63hj.com/templets/default/imgs/jiace/500mln.jpg" style="margin: 0px; padding: 0px; vertical-align: middle; border: 0px;" alt="" />&nbsp;<img src="http://www.63hj.com/templets/default/imgs/jiace/500mlk.jpg" style="margin: 0px; padding: 0px; vertical-align: middle; border: 0px;" alt="" />&nbsp;<img src="http://www.63hj.com/templets/default/imgs/jiace/jcy.jpg" style="margin: 0px; padding: 0px; vertical-align: middle; border: 0px;" alt="" />&nbsp;<img src="http://www.63hj.com/templets/default/imgs/jiace/ptj.jpg" style="margin: 0px; padding: 0px; vertical-align: middle; border: 0px;" alt="" />&nbsp;<img src="http://www.63hj.com/templets/default/imgs/jiace/5lj.jpg" style="margin: 0px; padding: 0px; vertical-align: middle; border: 0px;" alt="" />&nbsp;<img src="http://www.63hj.com/templets/default/imgs/jiace/5lg.jpg" style="margin: 0px; padding: 0px; vertical-align: middle; border: 0px;" alt="" />&nbsp;<img src="http://www.63hj.com/templets/default/imgs/jiace/5lk.jpg" style="margin: 0px; padding: 0px; vertical-align: middle; border: 0px;" alt="" />&nbsp;<img src="http://www.63hj.com/templets/default/imgs/jiace/5lr.jpg" style="margin: 0px; padding: 0px; vertical-align: middle; border: 0px;" alt="" />&nbsp;<img src="http://www.63hj.com/templets/default/imgs/jiace/5lk.jpg" style="margin: 0px; padding: 0px; vertical-align: middle; border: 0px;" alt="" />&nbsp;<img src="http://www.63hj.com/templets/default/imgs/jiace/5lr.jpg" style="margin: 0px; padding: 0px; vertical-align: middle; border: 0px;" alt="" />&nbsp;<img src="http://www.63hj.com/templets/default/imgs/jiace/5lt.jpg" style="margin: 0px; padding: 0px; vertical-align: middle; border: 0px;" alt="" />&nbsp;<img src="http://www.63hj.com/templets/default/imgs/jiace/5lb.jpg" style="margin: 0px; padding: 0px; vertical-align: middle; border: 0px;" alt="" />&nbsp;<img src="http://www.63hj.com/templets/default/imgs/jiace/jqj.jpg" style="margin: 0px; padding: 0px; vertical-align: middle; border: 0px;" alt="" />&nbsp;<img src="http://www.63hj.com/templets/default/imgs/jiace/bzc.jpg" style="margin: 0px; padding: 0px; vertical-align: middle; border: 0px;" alt="" /></marquee></div></td></tr><tr style="margin: 0px; padding: 0px;"><td style="margin: 0px; padding: 0px;"><img alt="" height="388" src="http://www.63hj.com/templets/default/imgs/wfjczl_05.jpg" width="710" style="margin: 0px; padding: 0px; vertical-align: middle; border: 0px;" /></td></tr><tr style="margin: 0px; padding: 0px;"><td style="margin: 0px; padding: 0px;"><img alt="" height="221" src="http://www.63hj.com/templets/default/imgs/wfjczl_06.jpg" width="710" style="margin: 0px; padding: 0px; vertical-align: middle; border: 0px;" /></td></tr><tr style="margin: 0px; padding: 0px;"><td background="http://www.63hj.com/templets/default/imgs/wfjczl_07.jpg" height="165" style="margin: 0px; padding: 0px;">&nbsp;</td></tr></tbody></table>', '', 0),
(20, '资质证书', '', '', '', '<br style="margin: 0px; padding: 0px; color: rgb(103, 103, 103); font-family: 宋体; line-height: 22px;" /><img alt="" src="http://www.63hj.com/uploads/allimg/121206/1-12120615113Q43.jpg" style="margin: 0px; padding: 0px; vertical-align: middle; border: 0px; color: rgb(103, 103, 103); font-family: 宋体; line-height: 22px; width: 700px; height: 2518px;" />', '', 0);

-- --------------------------------------------------------

--
-- 表的结构 `ssyhn_payment`
--

DROP TABLE IF EXISTS `ssyhn_payment`;
CREATE TABLE IF NOT EXISTS `ssyhn_payment` (
  `id` tinyint(3) unsigned NOT NULL AUTO_INCREMENT,
  `pay_code` varchar(20) NOT NULL DEFAULT '',
  `pay_name` varchar(120) NOT NULL DEFAULT '',
  `pay_fee` varchar(10) NOT NULL DEFAULT '0',
  `pay_fee_type` tinyint(1) unsigned NOT NULL DEFAULT '0',
  `pay_desc` text NOT NULL,
  `pay_config` text NOT NULL,
  `status` tinyint(1) unsigned NOT NULL DEFAULT '0',
  `is_cod` tinyint(1) unsigned NOT NULL DEFAULT '0',
  `is_online` tinyint(1) unsigned NOT NULL DEFAULT '0',
  `author` varchar(100) NOT NULL,
  `version` varchar(20) NOT NULL,
  `listorder` tinyint(3) unsigned NOT NULL DEFAULT '0',
  PRIMARY KEY (`id`),
  KEY `pay_code` (`pay_code`)
) ENGINE=MyISAM DEFAULT CHARSET=utf8 AUTO_INCREMENT=1 ;

--
-- 导出表中的数据 `ssyhn_payment`
--


-- --------------------------------------------------------

--
-- 表的结构 `ssyhn_picture`
--

DROP TABLE IF EXISTS `ssyhn_picture`;
CREATE TABLE IF NOT EXISTS `ssyhn_picture` (
  `id` int(11) unsigned NOT NULL AUTO_INCREMENT,
  `catid` smallint(5) unsigned NOT NULL DEFAULT '0',
  `userid` int(11) unsigned NOT NULL DEFAULT '0',
  `username` varchar(40) NOT NULL DEFAULT '',
  `title` varchar(120) NOT NULL DEFAULT '',
  `title_style` varchar(40) NOT NULL DEFAULT '',
  `thumb` varchar(100) NOT NULL DEFAULT '',
  `keywords` varchar(120) NOT NULL DEFAULT '',
  `description` mediumtext NOT NULL,
  `content` mediumtext NOT NULL,
  `url` varchar(150) NOT NULL DEFAULT '',
  `template` varchar(40) NOT NULL DEFAULT '',
  `posid` tinyint(2) unsigned NOT NULL DEFAULT '0',
  `status` tinyint(1) unsigned NOT NULL DEFAULT '0',
  `recommend` tinyint(1) unsigned NOT NULL DEFAULT '0',
  `readgroup` varchar(100) NOT NULL DEFAULT '',
  `readpoint` smallint(5) NOT NULL DEFAULT '0',
  `listorder` int(10) unsigned NOT NULL DEFAULT '0',
  `hits` int(11) unsigned NOT NULL DEFAULT '0',
  `createtime` int(11) unsigned NOT NULL DEFAULT '0',
  `updatetime` int(11) unsigned NOT NULL DEFAULT '0',
  `pics` mediumtext NOT NULL,
  `lang` tinyint(1) unsigned NOT NULL DEFAULT '0',
  PRIMARY KEY (`id`),
  KEY `status` (`id`,`status`,`listorder`),
  KEY `catid` (`id`,`catid`,`status`),
  KEY `lang` (`id`,`status`,`lang`),
  KEY `listorder` (`id`,`catid`,`status`,`listorder`)
) ENGINE=MyISAM DEFAULT CHARSET=utf8 AUTO_INCREMENT=1 ;

--
-- 导出表中的数据 `ssyhn_picture`
--


-- --------------------------------------------------------

--
-- 表的结构 `ssyhn_posid`
--

DROP TABLE IF EXISTS `ssyhn_posid`;
CREATE TABLE IF NOT EXISTS `ssyhn_posid` (
  `id` tinyint(2) unsigned NOT NULL AUTO_INCREMENT,
  `name` varchar(40) NOT NULL DEFAULT '',
  `listorder` tinyint(2) unsigned NOT NULL,
  PRIMARY KEY (`id`)
) ENGINE=MyISAM  DEFAULT CHARSET=utf8 AUTO_INCREMENT=5 ;

--
-- 导出表中的数据 `ssyhn_posid`
--

INSERT INTO `ssyhn_posid` (`id`, `name`, `listorder`) VALUES
(1, '首页推荐', 0),
(2, '首页幻灯片', 0),
(3, '推荐产品', 0),
(4, '促销产品', 0);

-- --------------------------------------------------------

--
-- 表的结构 `ssyhn_product`
--

DROP TABLE IF EXISTS `ssyhn_product`;
CREATE TABLE IF NOT EXISTS `ssyhn_product` (
  `id` int(11) unsigned NOT NULL AUTO_INCREMENT,
  `catid` smallint(5) unsigned NOT NULL DEFAULT '0',
  `userid` int(11) unsigned NOT NULL DEFAULT '0',
  `username` varchar(40) NOT NULL DEFAULT '',
  `title` varchar(120) NOT NULL DEFAULT '',
  `title_style` varchar(40) NOT NULL DEFAULT '',
  `keywords` varchar(80) NOT NULL DEFAULT '',
  `description` mediumtext NOT NULL,
  `content` mediumtext NOT NULL,
  `template` varchar(40) NOT NULL DEFAULT '',
  `thumb` varchar(100) NOT NULL DEFAULT '',
  `posid` tinyint(2) unsigned NOT NULL DEFAULT '0',
  `status` tinyint(3) unsigned NOT NULL DEFAULT '1',
  `recommend` tinyint(1) unsigned NOT NULL DEFAULT '0',
  `readgroup` varchar(100) NOT NULL DEFAULT '',
  `readpoint` smallint(5) NOT NULL DEFAULT '0',
  `listorder` int(10) unsigned NOT NULL DEFAULT '0',
  `hits` int(11) unsigned NOT NULL DEFAULT '0',
  `createtime` int(11) unsigned NOT NULL DEFAULT '0',
  `updatetime` int(11) unsigned NOT NULL DEFAULT '0',
  `price` decimal(10,2) unsigned NOT NULL DEFAULT '0.00',
  `url` varchar(150) NOT NULL DEFAULT '',
  `xinghao` varchar(30) NOT NULL DEFAULT '',
  `pics` mediumtext NOT NULL,
  `lang` tinyint(1) unsigned NOT NULL DEFAULT '0',
  PRIMARY KEY (`id`),
  KEY `status` (`id`,`status`,`listorder`),
  KEY `catid` (`id`,`catid`,`status`),
  KEY `lang` (`id`,`status`,`lang`),
  KEY `listorder` (`id`,`catid`,`status`,`listorder`)
) ENGINE=MyISAM DEFAULT CHARSET=utf8 AUTO_INCREMENT=1 ;

--
-- 导出表中的数据 `ssyhn_product`
--


-- --------------------------------------------------------

--
-- 表的结构 `ssyhn_role`
--

DROP TABLE IF EXISTS `ssyhn_role`;
CREATE TABLE IF NOT EXISTS `ssyhn_role` (
  `id` smallint(6) unsigned NOT NULL AUTO_INCREMENT,
  `name` varchar(20) NOT NULL DEFAULT '',
  `status` tinyint(1) unsigned NOT NULL DEFAULT '0',
  `remark` varchar(255) NOT NULL DEFAULT '',
  `pid` smallint(5) unsigned NOT NULL DEFAULT '0',
  `listorder` smallint(6) unsigned NOT NULL DEFAULT '0',
  `allowpost` tinyint(1) unsigned NOT NULL DEFAULT '0',
  `allowpostverify` tinyint(1) unsigned NOT NULL,
  `allowsearch` tinyint(1) unsigned NOT NULL DEFAULT '0',
  `allowupgrade` tinyint(1) unsigned NOT NULL DEFAULT '1',
  `allowsendmessage` tinyint(1) unsigned NOT NULL,
  `allowattachment` tinyint(1) NOT NULL,
  `maxpostnum` smallint(5) unsigned NOT NULL DEFAULT '0',
  `maxmessagenum` smallint(5) unsigned NOT NULL DEFAULT '0',
  `price_y` decimal(8,2) unsigned NOT NULL DEFAULT '0.00',
  `price_m` decimal(8,2) unsigned NOT NULL DEFAULT '0.00',
  `price_d` decimal(8,2) unsigned NOT NULL DEFAULT '0.00',
  PRIMARY KEY (`id`),
  KEY `status` (`status`)
) ENGINE=MyISAM  DEFAULT CHARSET=utf8 AUTO_INCREMENT=6 ;

--
-- 导出表中的数据 `ssyhn_role`
--

INSERT INTO `ssyhn_role` (`id`, `name`, `status`, `remark`, `pid`, `listorder`, `allowpost`, `allowpostverify`, `allowsearch`, `allowupgrade`, `allowsendmessage`, `allowattachment`, `maxpostnum`, `maxmessagenum`, `price_y`, `price_m`, `price_d`) VALUES
(1, '超级管理员', 1, '超级管理员', 0, 0, 1, 1, 1, 1, 1, 1, 0, 0, 0.00, 0.00, 0.00),
(2, '管理员', 1, '管理员', 0, 0, 1, 1, 1, 1, 1, 1, 0, 0, 0.00, 0.00, 0.00),
(3, '注册用户', 1, '注册用户', 0, 0, 1, 0, 1, 1, 1, 0, 0, 0, 0.00, 0.00, 0.00),
(4, '游客', 1, '游客', 0, 0, 1, 0, 0, 1, 0, 0, 0, 0, 0.00, 0.00, 0.00),
(5, '邮件认证', 1, '邮件认证', 0, 0, 0, 0, 0, 0, 0, 0, 0, 0, 0.00, 0.00, 0.00);

-- --------------------------------------------------------

--
-- 表的结构 `ssyhn_role_user`
--

DROP TABLE IF EXISTS `ssyhn_role_user`;
CREATE TABLE IF NOT EXISTS `ssyhn_role_user` (
  `role_id` mediumint(9) unsigned DEFAULT '0',
  `user_id` int(11) unsigned NOT NULL DEFAULT '0',
  KEY `group_id` (`role_id`),
  KEY `user_id` (`user_id`)
) ENGINE=MyISAM DEFAULT CHARSET=utf8;

--
-- 导出表中的数据 `ssyhn_role_user`
--

INSERT INTO `ssyhn_role_user` (`role_id`, `user_id`) VALUES
(2, 2);

-- --------------------------------------------------------

--
-- 表的结构 `ssyhn_shipping`
--

DROP TABLE IF EXISTS `ssyhn_shipping`;
CREATE TABLE IF NOT EXISTS `ssyhn_shipping` (
  `id` int(11) unsigned NOT NULL AUTO_INCREMENT,
  `name` varchar(50) NOT NULL DEFAULT '',
  `description` varchar(50) NOT NULL DEFAULT '',
  `type` tinyint(1) unsigned NOT NULL DEFAULT '0',
  `first_weight` int(11) unsigned NOT NULL DEFAULT '0',
  `second_weight` int(11) unsigned NOT NULL DEFAULT '0',
  `first_price` float(10,2) unsigned NOT NULL DEFAULT '0.00',
  `second_price` float(10,2) unsigned NOT NULL DEFAULT '0.00',
  `status` tinyint(1) unsigned NOT NULL DEFAULT '0',
  `listorder` mediumint(8) unsigned NOT NULL DEFAULT '99',
  `is_insure` tinyint(1) unsigned NOT NULL DEFAULT '0',
  `insure_fee` int(11) unsigned NOT NULL DEFAULT '0',
  `insure_low_price` float(10,2) unsigned NOT NULL DEFAULT '0.00',
  `price_type` tinyint(1) unsigned NOT NULL DEFAULT '0',
  PRIMARY KEY (`id`)
) ENGINE=MyISAM DEFAULT CHARSET=utf8 AUTO_INCREMENT=1 ;

--
-- 导出表中的数据 `ssyhn_shipping`
--


-- --------------------------------------------------------

--
-- 表的结构 `ssyhn_slide`
--

DROP TABLE IF EXISTS `ssyhn_slide`;
CREATE TABLE IF NOT EXISTS `ssyhn_slide` (
  `id` int(10) NOT NULL AUTO_INCREMENT,
  `name` varchar(30) NOT NULL DEFAULT '',
  `flashfile` varchar(150) NOT NULL DEFAULT '',
  `xmlfile` varchar(150) NOT NULL DEFAULT '',
  `tpl` varchar(30) NOT NULL DEFAULT '',
  `width` smallint(5) unsigned NOT NULL DEFAULT '0',
  `height` smallint(5) unsigned NOT NULL DEFAULT '0',
  `num` tinyint(2) unsigned NOT NULL DEFAULT '0',
  `status` tinyint(1) NOT NULL DEFAULT '0',
  `lang` tinyint(1) unsigned NOT NULL DEFAULT '0',
  PRIMARY KEY (`id`)
) ENGINE=MyISAM  DEFAULT CHARSET=utf8 AUTO_INCREMENT=2 ;

--
-- 导出表中的数据 `ssyhn_slide`
--

INSERT INTO `ssyhn_slide` (`id`, `name`, `flashfile`, `xmlfile`, `tpl`, `width`, `height`, `num`, `status`, `lang`) VALUES
(1, '首页幻灯片', '', '', '2', 920, 300, 0, 1, 1);

-- --------------------------------------------------------

--
-- 表的结构 `ssyhn_slide_data`
--

DROP TABLE IF EXISTS `ssyhn_slide_data`;
CREATE TABLE IF NOT EXISTS `ssyhn_slide_data` (
  `id` int(10) NOT NULL AUTO_INCREMENT,
  `fid` tinyint(3) unsigned DEFAULT '0',
  `title` varchar(30) NOT NULL DEFAULT '',
  `small` varchar(150) NOT NULL DEFAULT '',
  `pic` varchar(150) NOT NULL DEFAULT '',
  `link` varchar(150) NOT NULL DEFAULT '',
  `description` varchar(255) NOT NULL DEFAULT '',
  `data` text,
  `listorder` smallint(5) unsigned NOT NULL DEFAULT '0',
  `status` tinyint(1) unsigned NOT NULL DEFAULT '0',
  `lang` tinyint(1) unsigned NOT NULL DEFAULT '0',
  PRIMARY KEY (`id`),
  KEY `fid` (`fid`)
) ENGINE=MyISAM  DEFAULT CHARSET=utf8 AUTO_INCREMENT=4 ;

--
-- 导出表中的数据 `ssyhn_slide_data`
--

INSERT INTO `ssyhn_slide_data` (`id`, `fid`, `title`, `small`, `pic`, `link`, `description`, `data`, `listorder`, `status`, `lang`) VALUES
(1, 1, '图片1', '', 'http://www.yourphp.cn/Public/Images/flash1.jpg', 'http://www.baidu.com', '', '', 3, 1, 1),
(2, 1, '图片2', '', 'http://www.yourphp.cn/Public/Images/flash2.jpg', 'http://www.baidu.com', '', '', 1, 1, 1),
(3, 1, '图片3', '', 'http://www.yourphp.cn/Public/Images/flash3.jpg', 'http://www.baidu.com', '', '', 2, 1, 1);

-- --------------------------------------------------------

--
-- 表的结构 `ssyhn_tags`
--

DROP TABLE IF EXISTS `ssyhn_tags`;
CREATE TABLE IF NOT EXISTS `ssyhn_tags` (
  `id` int(10) NOT NULL AUTO_INCREMENT,
  `name` varchar(100) NOT NULL DEFAULT '',
  `slug` varchar(100) NOT NULL DEFAULT '',
  `moduleid` tinyint(2) unsigned NOT NULL DEFAULT '0',
  `module` varchar(30) NOT NULL DEFAULT '',
  `num` smallint(5) unsigned NOT NULL DEFAULT '0',
  `lang` tinyint(1) unsigned NOT NULL DEFAULT '0',
  PRIMARY KEY (`id`,`moduleid`),
  KEY `slug` (`slug`),
  KEY `name` (`name`)
) ENGINE=MyISAM DEFAULT CHARSET=utf8 AUTO_INCREMENT=1 ;

--
-- 导出表中的数据 `ssyhn_tags`
--


-- --------------------------------------------------------

--
-- 表的结构 `ssyhn_tags_data`
--

DROP TABLE IF EXISTS `ssyhn_tags_data`;
CREATE TABLE IF NOT EXISTS `ssyhn_tags_data` (
  `id` int(10) unsigned NOT NULL DEFAULT '0',
  `tagid` int(10) unsigned NOT NULL DEFAULT '0',
  `listorder` int(10) unsigned NOT NULL DEFAULT '0',
  PRIMARY KEY (`id`,`tagid`),
  KEY `tagid` (`tagid`)
) ENGINE=MyISAM DEFAULT CHARSET=utf8;

--
-- 导出表中的数据 `ssyhn_tags_data`
--


-- --------------------------------------------------------

--
-- 表的结构 `ssyhn_type`
--

DROP TABLE IF EXISTS `ssyhn_type`;
CREATE TABLE IF NOT EXISTS `ssyhn_type` (
  `typeid` smallint(5) unsigned NOT NULL AUTO_INCREMENT,
  `name` varchar(30) NOT NULL DEFAULT '',
  `parentid` smallint(5) unsigned NOT NULL DEFAULT '0',
  `description` varchar(200) NOT NULL DEFAULT '',
  `status` tinyint(1) unsigned NOT NULL DEFAULT '0',
  `listorder` smallint(5) unsigned NOT NULL DEFAULT '0',
  `keyid` smallint(5) unsigned NOT NULL DEFAULT '0',
  PRIMARY KEY (`typeid`),
  KEY `parentid` (`parentid`,`listorder`)
) ENGINE=MyISAM  DEFAULT CHARSET=utf8 AUTO_INCREMENT=8 ;

--
-- 导出表中的数据 `ssyhn_type`
--

INSERT INTO `ssyhn_type` (`typeid`, `name`, `parentid`, `description`, `status`, `listorder`, `keyid`) VALUES
(1, '友情链接', 0, '友情链接分类', 1, 0, 1),
(3, '合作伙伴', 1, '合作伙伴', 1, 1, 1),
(2, '默认分类', 1, '默认分类', 1, 0, 1),
(4, '反馈类别', 0, '信息反馈类别', 1, 0, 4),
(5, '产品购买', 4, '产品购买', 1, 0, 4),
(6, '商务合作', 4, '商务合作', 1, 0, 4),
(7, '其他反馈', 4, '其他反馈', 1, 0, 4);

-- --------------------------------------------------------

--
-- 表的结构 `ssyhn_urlrule`
--

DROP TABLE IF EXISTS `ssyhn_urlrule`;
CREATE TABLE IF NOT EXISTS `ssyhn_urlrule` (
  `urlruleid` smallint(5) unsigned NOT NULL AUTO_INCREMENT,
  `ishtml` tinyint(1) unsigned NOT NULL DEFAULT '0',
  `showurlrule` varchar(255) NOT NULL DEFAULT '',
  `showexample` varchar(255) NOT NULL DEFAULT '',
  `listurlrule` varchar(255) NOT NULL DEFAULT '',
  `listexample` varchar(255) NOT NULL DEFAULT '',
  `listorder` smallint(5) unsigned NOT NULL DEFAULT '0',
  PRIMARY KEY (`urlruleid`)
) ENGINE=MyISAM  DEFAULT CHARSET=utf8 AUTO_INCREMENT=5 ;

--
-- 导出表中的数据 `ssyhn_urlrule`
--

INSERT INTO `ssyhn_urlrule` (`urlruleid`, `ishtml`, `showurlrule`, `showexample`, `listurlrule`, `listexample`, `listorder`) VALUES
(1, 0, '{$catdir}/show/{$id}.html|{$catdir}/show/{$id}_{$page}.html', 'news/show/1.html|news/show/1_1.html', '{$catdir}/|{$catdir}/{$page}.html', 'news/|news/1.html', 0),
(2, 0, 'show-{$catid}-{$id}.html|show-{$catid}-{$id}-{$page}.html', 'show-1-1.html|show-1-1-1.html', 'list-{$catid}.html|list-{$catid}-{$page}.html', 'list-1.html|list-1-1.html', 0),
(3, 0, '{$module}/show/{$id}.html|{$module}/show/{$id}-{$page}.html', 'Article/show/1.html|Article/show/1-1.html', '{$module}/list/{$catid}.html|{$module}/list/{$catid}-{$page}.html', 'Article/list/1.html|Article/list/1-1.html', 0),
(4, 1, '{$parentdir}{$catdir}/show_{$id}.html|{$parentdir}{$catdir}/show_{$id}_{$page}.html', 'news/show_1.html|news/show_1_1.html', '{$parentdir}{$catdir}/|{$parentdir}{$catdir}/{$page}.html', 'news/|news/1.html', 0);

-- --------------------------------------------------------

--
-- 表的结构 `ssyhn_user`
--

DROP TABLE IF EXISTS `ssyhn_user`;
CREATE TABLE IF NOT EXISTS `ssyhn_user` (
  `id` int(11) NOT NULL AUTO_INCREMENT,
  `groupid` tinyint(2) unsigned NOT NULL DEFAULT '0',
  `username` varchar(50) NOT NULL DEFAULT '',
  `password` varchar(50) NOT NULL DEFAULT '',
  `email` varchar(50) NOT NULL DEFAULT '',
  `realname` varchar(50) NOT NULL DEFAULT '',
  `question` varchar(50) NOT NULL DEFAULT '',
  `answer` varchar(50) NOT NULL DEFAULT '',
  `sex` tinyint(1) NOT NULL DEFAULT '0',
  `tel` varchar(50) NOT NULL DEFAULT '',
  `mobile` varchar(50) NOT NULL DEFAULT '',
  `fax` varchar(50) NOT NULL DEFAULT '',
  `web_url` varchar(100) NOT NULL DEFAULT '',
  `address` varchar(100) NOT NULL DEFAULT '',
  `login_count` int(11) unsigned NOT NULL DEFAULT '0',
  `createtime` int(11) unsigned NOT NULL DEFAULT '0',
  `updatetime` int(11) unsigned NOT NULL DEFAULT '0',
  `last_logintime` int(11) unsigned NOT NULL DEFAULT '0',
  `reg_ip` char(15) NOT NULL DEFAULT '',
  `last_ip` char(15) NOT NULL DEFAULT '',
  `status` tinyint(1) unsigned NOT NULL DEFAULT '0',
  `amount` decimal(8,2) unsigned NOT NULL DEFAULT '0.00',
  `point` smallint(5) unsigned NOT NULL DEFAULT '0',
  `avatar` varchar(120) NOT NULL DEFAULT '',
  PRIMARY KEY (`id`)
) ENGINE=MyISAM  DEFAULT CHARSET=utf8 AUTO_INCREMENT=3 ;

--
-- 导出表中的数据 `ssyhn_user`
--

INSERT INTO `ssyhn_user` (`id`, `groupid`, `username`, `password`, `email`, `realname`, `question`, `answer`, `sex`, `tel`, `mobile`, `fax`, `web_url`, `address`, `login_count`, `createtime`, `updatetime`, `last_logintime`, `reg_ip`, `last_ip`, `status`, `amount`, `point`, `avatar`) VALUES
(1, 1, 'admin', '2d5855a3b0259062d21d37f6a34b4212d1ac4b90', 'admin@XXXX.cn', 'admin', '', '', 0, '', '', '', '', '', 2, 1416144617, 1416741694, 1416736425, '127.0.0.1', '127.0.0.1', 1, 0.00, 0, ''),
(2, 2, 'chengye', '935d414ebaaf3833a314045c3b301ef41b957127', '35310551@qq.com', '', '', '', 0, '', '', '', '', '', 1, 0, 0, 1416741550, '', '127.0.0.1', 1, 0.00, 0, '');

-- --------------------------------------------------------

--
-- 表的结构 `ssyhn_user_address`
--

DROP TABLE IF EXISTS `ssyhn_user_address`;
CREATE TABLE IF NOT EXISTS `ssyhn_user_address` (
  `id` mediumint(8) unsigned NOT NULL AUTO_INCREMENT,
  `userid` mediumint(8) unsigned NOT NULL DEFAULT '0',
  `consignee` varchar(60) NOT NULL DEFAULT '',
  `email` varchar(60) NOT NULL DEFAULT '',
  `country` smallint(5) unsigned NOT NULL DEFAULT '0',
  `province` smallint(5) unsigned NOT NULL DEFAULT '0',
  `city` smallint(5) unsigned NOT NULL DEFAULT '0',
  `area` smallint(5) unsigned NOT NULL DEFAULT '0',
  `address` varchar(120) NOT NULL DEFAULT '',
  `zipcode` varchar(60) NOT NULL DEFAULT '',
  `tel` varchar(60) NOT NULL DEFAULT '',
  `mobile` varchar(60) NOT NULL DEFAULT '',
  `isdefault` tinyint(1) unsigned NOT NULL DEFAULT '0',
  PRIMARY KEY (`id`),
  KEY `userid` (`userid`)
) ENGINE=MyISAM DEFAULT CHARSET=utf8 AUTO_INCREMENT=1 ;

--
-- 导出表中的数据 `ssyhn_user_address`
--

